"","M","trait","beta_EM","se_EM","p_EM","beta_MO","se_MO","p_MO"
"1","ebi-a-GCST90001391","IgD+ B cell %B cell",-0.0209235823911132,0.027825214020481,0.452072207975836,0.000975335439025353,0.0339141320895684,0.977056826136512
"2","ebi-a-GCST90001392","IgD+ CD38+ B cell Absolute Count",-0.0038064128250514,0.0270769060900658,0.888203459772602,-0.0431105974473603,0.040376808793579,0.285652743891409
"3","ebi-a-GCST90001393","IgD+ CD38dim B cell %B cell",-0.0113657598022398,0.0262816682307966,0.665407406874794,0.095909323022054,0.0635054854422915,0.130978987512846
"4","ebi-a-GCST90001394","IgD+ CD38dim B cell Absolute Count",-0.0134247423675838,0.0286529793633269,0.639406572037004,0.0367285997000891,0.0329831960947244,0.265470182688416
"5","ebi-a-GCST90001395","IgD+ CD38- B cell %B cell",0.00729765819211477,0.0261086566651394,0.779852654633599,0.00713963169186173,0.0767500853770343,0.925884166005991
"6","ebi-a-GCST90001396","IgD+ CD38- B cell Absolute Count",-0.010049501047118,0.0265566473776125,0.705120443726275,0.0821624623453201,0.111654749577151,0.461814821259009
"7","ebi-a-GCST90001397","Unswitched memory B cell %B cell",0.00659531268210489,0.0295382801707662,0.823317447533543,-0.0460083469125606,0.0308789921316319,0.136235743267535
"8","ebi-a-GCST90001398","Unswitched memory B cell Absolute Count",-0.00988823834618811,0.0271921387556238,0.716124408433782,0.00706912646804122,0.0509162999114813,0.889578021998824
"9","ebi-a-GCST90001399","IgD- CD27- B cell %B cell",0.00283261652752261,0.0277709693874004,0.918757313888245,0.0527252605761881,0.0568037595810814,0.353303734628824
"10","ebi-a-GCST90001400","IgD+ B cell Absolute Count",-0.0228687887395268,0.0280185471997425,0.414384725844434,-0.0157312740187696,0.030232187858946,0.602820688267481
"11","ebi-a-GCST90001401","IgD- CD27- B cell Absolute Count",-0.0187475748350505,0.026569890246755,0.480440195473375,0.00305741597646858,0.0546297311786652,0.955368769664882
"12","ebi-a-GCST90001402","Switched memory B cell %B cell",0.0311587990187378,0.0287909393445534,0.279144466722085,-0.0267818098267139,0.0444894686142059,0.547186859289991
"13","ebi-a-GCST90001403","Switched memory B cell Absolute Count",0.010735816270257,0.0263495769795,0.683686396697447,-0.0163593294759282,0.0501423679772575,0.74422945217263
"14","ebi-a-GCST90001404","Plasma Blast-Plasma Cell %B cell",-0.00935954182063602,0.02863727772418,0.743795930380316,-0.0336086537811301,0.0345663680690577,0.330904574011299
"15","ebi-a-GCST90001405","Plasma Blast-Plasma Cell Absolute Count",-0.0203682569767071,0.0262815692438038,0.438338741971971,-0.0285934838621497,0.0261512520545656,0.274223166516412
"16","ebi-a-GCST90001406","Memory B cell %B cell",0.0107446634136699,0.0309441478707149,0.728420307961314,-0.0140008823947519,0.0372667957116326,0.707144980625361
"17","ebi-a-GCST90001407","Memory B cell Absolute Count",-0.0102766705315036,0.0265779053752708,0.699006326802112,0.0213970991030405,0.0355495808855299,0.547244330149155
"18","ebi-a-GCST90001408","Naive-mature B cell %B cell",-0.00143877309292388,0.0321886218017092,0.964347877424372,0.0232262009886295,0.0370415651230502,0.530639067585562
"19","ebi-a-GCST90001409","Naive-mature B cell Absolute Count",-0.0204190632712631,0.0286230133007263,0.475611120189474,-0.0873692250887271,0.0635270349592418,0.169036047156726
"20","ebi-a-GCST90001410","IgD- CD38+ B cell %B cell",0.000294105211490533,0.0271825772743537,0.991367359070072,0.0468735563611325,0.0545897597181506,0.390533045429648
"21","ebi-a-GCST90001411","IgD+ CD24+ B cell %B cell",-0.000679668552189963,0.0299001596841765,0.98186463377338,-0.0474740022722712,0.056624833925302,0.401808652420379
"22","ebi-a-GCST90001412","IgD+ CD24+ B cell Absolute Count",-0.0133312496501274,0.0275440603048521,0.628387815406584,-0.0526229714574608,0.0429453637595515,0.220444517373007
"23","ebi-a-GCST90001413","IgD- CD24- B cell %B cell",0.018907475777704,0.0295449578732062,0.522201145479619,0.0269862221976379,0.0216427516353961,0.212436281651422
"24","ebi-a-GCST90001414","IgD- CD24- B cell Absolute Count",7.57507238895571e-05,0.0268785120677019,0.99775135420815,0.00430923534816693,0.0486040810919254,0.929352163247839
"25","ebi-a-GCST90001415","IgD+ CD24- B cell %B cell",-0.00422471437754328,0.0304719241754829,0.889732381784602,0.0935812650913121,0.0633571528654981,0.139664001404225
"26","ebi-a-GCST90001416","IgD+ CD24- B cell Absolute Count",-0.015383843812945,0.0292806362628458,0.599309959697698,0.00674465258407622,0.0373623313567191,0.85674425945396
"27","ebi-a-GCST90001417","CD24+ CD27+ B cell %B cell",0.00865226051460256,0.029214984366643,0.767109182111568,-0.0683863484721548,0.0483387258932617,0.157147051170831
"28","ebi-a-GCST90001418","CD24+ CD27+ B cell Absolute Count",-0.00855235724138829,0.0264740407048785,0.746659710350804,0.0408758771384402,0.0337791743622424,0.226243950646026
"29","ebi-a-GCST90001419","CD20- B cell %B cell",-0.0176919585149907,0.0271921399149544,0.515286867065887,-0.0517561342951722,0.0478285108898889,0.279199710744408
"30","ebi-a-GCST90001420","IgD- CD38+ B cell Absolute Count",-0.012995054122243,0.0252248318115565,0.606434853523671,0.0102708795560056,0.0312091683708111,0.742081502951032
"31","ebi-a-GCST90001421","CD20- B cell Absolute Count",-0.0279083060563722,0.0260297768431931,0.283644368777157,-0.0257675215340365,0.0426633155541526,0.545861112426149
"32","ebi-a-GCST90001422","CD20- CD38- B cell %B cell",0.00777893207733299,0.02565201979308,0.7617006224561,-0.0428750504298221,0.0452130137345994,0.342981821888391
"33","ebi-a-GCST90001423","CD20- CD38- B cell Absolute Count",0.001773948581509,0.0257619228072323,0.945101596620524,0.0513228638325012,0.0594022631232597,0.38759428548113
"34","ebi-a-GCST90001424","IgD+ B cell %Lymphocyte",-0.0118006867585934,0.0318325028029201,0.710852145591231,-0.0267575204522364,0.0336919508271985,0.427089838944026
"35","ebi-a-GCST90001425","IgD- CD38+ B cell %lymphocyte",-0.0101328165216237,0.0267659750184204,0.70500661067332,0.0021383018370488,0.0309933716650023,0.94499580405127
"36","ebi-a-GCST90001426","IgD- CD38dim B cell %lymphocyte",0.0162383473817717,0.0259243928314259,0.531070120858798,-0.0150838098624314,0.0426509709088575,0.723596031598825
"37","ebi-a-GCST90001427","IgD- CD38- B cell %lymphocyte",0.00403221853547382,0.0281610505390901,0.886144678569508,-0.0463152116084157,0.049651637039791,0.350921529508705
"38","ebi-a-GCST90001428","IgD- CD38dim B cell %B cell",0.038031648234686,0.0270827142473121,0.160236209890294,0.0429014301021601,0.0461375964840623,0.352444421621877
"39","ebi-a-GCST90001429","IgD+ CD38+ B cell %lymphocyte",0.000953931018742877,0.0272150932419267,0.972038640502904,-0.0544240612989711,0.0314217140351306,0.0832641986417892
"40","ebi-a-GCST90001430","IgD+ CD38dim B cell %lymphocyte",-0.0063171253592669,0.0297237149504794,0.831695039570162,0.00166852149246676,0.0375116504159101,0.964521724145045
"41","ebi-a-GCST90001431","IgD+ CD38- B cell %lymphocyte",-0.00422410726531201,0.0290505208122429,0.884390674576173,-0.0283151768576788,0.0601507390678416,0.637828577653327
"42","ebi-a-GCST90001432","Unswitched memory B cell %lymphocyte",-0.00392824988315439,0.0304272105789556,0.897275999580758,0.00955400909088487,0.0428204230847761,0.823443634337861
"43","ebi-a-GCST90001433","IgD- CD27- B cell %lymphocyte",-0.0143029032374489,0.0285575050602925,0.616479729347132,0.0215457193264083,0.0570281641848604,0.705572934957579
"44","ebi-a-GCST90001434","Switched memory B cell %lymphocyte",0.0119503310715448,0.0285205512284603,0.675210492179641,-0.0404413590090468,0.0563720594164157,0.473126842699074
"45","ebi-a-GCST90001435","Plasma Blast-Plasma Cell %lymphocyte",-0.0175848331608062,0.02738013804105,0.520712307498685,-0.0256829755182064,0.0228878021904014,0.261809286620653
"46","ebi-a-GCST90001436","Memory B cell %lymphocyte",-0.000979830160092602,0.030587561953318,0.974445244360016,0.0365518937693061,0.0335106505696352,0.275380910988826
"47","ebi-a-GCST90001437","Naive-mature B cell %lymphocyte",-0.0114262155463067,0.0294897945803179,0.698413188729638,-0.000902990051230958,0.0860703441146012,0.99162930494662
"48","ebi-a-GCST90001438","IgD- CD38dim B cell Absolute Count",0.0130829333396155,0.0257141145553727,0.610903546238098,-0.0720731075828389,0.0450213235861645,0.109406594788826
"49","ebi-a-GCST90001439","IgD+ CD24+ B cell %lymphocyte",-0.0109765883011338,0.0300863279218965,0.715233513710323,-0.0649292349408586,0.0873539752594604,0.457306826706247
"50","ebi-a-GCST90001440","IgD- CD24- B cell %lymphocyte",0.00546475166471556,0.0268615126679275,0.838789813330938,-0.0373407408631328,0.0607532606109324,0.53879948584306
"51","ebi-a-GCST90001441","IgD+ CD24- B cell %lymphocyte",-0.0083849422821299,0.0312398881460331,0.788387588661146,-0.0723957119394899,0.0746942972168099,0.332432060527541
"52","ebi-a-GCST90001442","CD24+ CD27+ B cell %lymphocyte",0.000642851930193012,0.0294309110627611,0.982573395518968,0.0497073686258119,0.037614358863075,0.186334761096451
"53","ebi-a-GCST90001443","CD20- B cell %lymphocyte",-0.029742902754762,0.0259796122566014,0.252269008003302,-0.0178909542163375,0.0406564432126053,0.659899355447579
"54","ebi-a-GCST90001444","CD20- CD38- B cell %lymphocyte",0.00177160419697042,0.0256960691538947,0.945033748651974,0.0307001741562663,0.0521980877477698,0.556433301118074
"55","ebi-a-GCST90001445","IgD- CD38- B cell %B cell",0.0136897422762457,0.0270785858465684,0.61316835764494,-0.0171374022563033,0.0559260176195216,0.759277369237152
"56","ebi-a-GCST90001446","IgD- CD38- B cell Absolute Count",-0.00174027970642145,0.0268375033401163,0.948297358531645,-0.0338494021585881,0.0587192952699248,0.564303410717157
"57","ebi-a-GCST90001447","IgD+ CD38+ B cell %B cell",0.00545084199569854,0.0264280833852229,0.836594161203058,-0.0253401996971506,0.0329275493642338,0.441552383760754
"58","ebi-a-GCST90001448","CD11c+ monocyte Absolute Count",-0.0203442574779148,0.0280694372804419,0.468585024090018,-0.0371692146893595,0.0707362302016768,0.599261928401586
"59","ebi-a-GCST90001449","CD11c+ monocyte %monocyte",0.00193973258247674,0.0286670577668276,0.946052974546617,-0.0674474142889882,0.0436013936196182,0.121885046242869
"60","ebi-a-GCST90001450","CD62L- monocyte Absolute Count",-0.026803672749166,0.0288634010853773,0.353076332076938,0.0515950050654565,0.0356015526184566,0.147272052924699
"61","ebi-a-GCST90001451","CD62L- monocyte %monocyte",-0.00485093025510317,0.0287853903869506,0.866173766402397,-0.0317549988462635,0.0392749037941468,0.418784651201904
"62","ebi-a-GCST90001452","CD11c+ CD62L- monocyte Absolute Count",-0.0205039228905073,0.0280564070002465,0.464894777155077,-0.0499727824630573,0.0307766092621554,0.104434286879797
"63","ebi-a-GCST90001453","CD11c+ CD62L- monocyte %monocyte",-0.00115856518257674,0.0288179696576469,0.967931386930835,-0.01865512135183,0.0883032098429949,0.832682757011749
"64","ebi-a-GCST90001454","CD62L- HLA DR++ monocyte Absolute Count",-0.0394196477183321,0.027837941065608,0.15676369191832,0.0360110740347314,0.110214234705347,0.74386677422121
"65","ebi-a-GCST90001455","CD62L- HLA DR++ monocyte %monocyte",-0.0314410637360148,0.0288296150367118,0.275456784620062,-0.0756745931262045,0.0715108841081519,0.289952954065404
"66","ebi-a-GCST90001456","CD11c+ HLA DR++ monocyte Absolute Count",-0.0271945734377956,0.0282717585093636,0.336100390716473,0.055875069877713,0.0650314692283241,0.390229916053071
"67","ebi-a-GCST90001457","CD11c+ HLA DR++ monocyte %monocyte",-0.0130216191584126,0.0288980379291229,0.652273793956773,0.00343894308871909,0.0703298170765566,0.961001084780506
"68","ebi-a-GCST90001458","Myeloid Dendritic Cell Absolute Count",-0.00704718934676725,0.0270894003140765,0.79475143487304,0.0390146784479929,0.0398176938507144,0.327168708197271
"69","ebi-a-GCST90001459","Myeloid Dendritic Cell %Dendritic Cell",0.0141070291494265,0.0273895905970983,0.606517557594469,0.065873141553584,0.0425770161796835,0.1218264511646
"70","ebi-a-GCST90001460","Plasmacytoid Dendritic Cell Absolute Count",-0.0236096920851589,0.0293602790298102,0.421317752158574,-0.0346013165291849,0.0277909140636897,0.213110210974004
"71","ebi-a-GCST90001461","Dendritic Cell Absolute Count",-0.0228006126598627,0.0304318899867978,0.453716061036641,0.0252734282254082,0.0407968566434939,0.535590645397961
"72","ebi-a-GCST90001462","CD62L- Dendritic Cell Absolute Count",-0.0118999874674495,0.0280171760527036,0.671026946716267,0.00445724631571297,0.0196176547075742,0.820263663034538
"73","ebi-a-GCST90001463","CD62L- Dendritic Cell %Dendritic Cell",0.00900580456219413,0.0286572453090405,0.753324141478845,0.0161591994910244,0.025017358683059,0.518331498577978
"74","ebi-a-GCST90001464","CD86+ myeloid Dendritic Cell Absolute Count",-0.00924048165448839,0.030688595114397,0.763334621657771,-0.00605326461227718,0.0283908952168608,0.831162019209077
"75","ebi-a-GCST90001465","CD86+ myeloid Dendritic Cell %Dendritic Cell",-0.000399827806907869,0.0310339535779543,0.989720690657527,0.0317709819025463,0.0223377344917443,0.154938891359445
"76","ebi-a-GCST90001466","CD86+ plasmacytoid Dendritic Cell Absolute Count",-0.00411294981503777,0.0267544813553876,0.877823118718518,0.0108113542720605,0.0467151819194735,0.81697976799819
"77","ebi-a-GCST90001467","CD86+ plasmacytoid Dendritic Cell %Dendritic Cell",-0.00222850284138694,0.0266146154852976,0.93326927941488,-0.0298863700100815,0.0396279511472895,0.450744753864501
"78","ebi-a-GCST90001468","CD62L- myeloid Dendritic Cell Absolute Count",-0.006542392178729,0.0282468902573427,0.816837366944477,0.00111632578692784,0.0365206416540348,0.975614874585185
"79","ebi-a-GCST90001469","CD62L- myeloid Dendritic Cell %Dendritic Cell",0.00851959179941664,0.0292600196948002,0.770922563652711,0.0142643986245782,0.0238024065462268,0.548983593476428
"80","ebi-a-GCST90001470","CD62L- plasmacytoid Dendritic Cell Absolute Count",-0.00092542637861976,0.0277537590260484,0.973400121580009,0.0105476081710125,0.0411153515621252,0.797536228705972
"81","ebi-a-GCST90001471","CD62L- plasmacytoid Dendritic Cell %Dendritic Cell",-0.00996979463151311,0.0263482769415683,0.705144557134683,-0.0128585091585385,0.0404940212201701,0.750833187484275
"82","ebi-a-GCST90001472","CD62L- CD86+ myeloid Dendritic Cell Absolute Count",-0.0194387437099247,0.0278903383226568,0.485821240727096,0.02727499539808,0.0277917088780144,0.32639176051774
"83","ebi-a-GCST90001473","CD62L- CD86+ myeloid Dendritic Cell %Dendritic Cell",0.00904571398714137,0.0288826802837666,0.754137700257889,0.0396688601630711,0.0277814716537356,0.153323785531461
"84","ebi-a-GCST90001474","Plasmacytoid Dendritic Cell %Dendritic Cell",-0.0185183361052319,0.02717372865919,0.495568201759599,-0.0163598659638416,0.0300953293106238,0.586715731749706
"85","ebi-a-GCST90001475","HLA DR++ monocyte %monocyte",-0.0321226065810126,0.0268335454952274,0.231265121569679,-0.0112601062633483,0.0416701295031711,0.786990935634671
"86","ebi-a-GCST90001476","HLA DR++ monocyte %leukocyte",-0.0389624805884415,0.0268814841667924,0.1472211592953,0.0659494337285018,0.0645568732208979,0.306983958324422
"87","ebi-a-GCST90001477","HLA DR++ monocyte Absolute Count",-0.024386711192256,0.0273735284675466,0.372989980661111,-0.013557199782664,0.0267936000424319,0.612866130097399
"88","ebi-a-GCST90001478","CD4 regulatory T cell %CD4+ T cell",0.0280519070333472,0.0270715561395724,0.300102634515309,-0.00808812101673331,0.0479613939054513,0.866081266391083
"89","ebi-a-GCST90001479","CD4 regulatory T cell %T cell",-0.00122465565092003,0.0277072726876269,0.964745148968017,-0.0262475276154814,0.0521654095681419,0.614852052836439
"90","ebi-a-GCST90001480","Resting CD4 regulatory T cell Absolute Count",-0.044960712464598,0.0250864017105098,0.0730954242229635,-0.0365680795126147,0.0315308986681099,0.24614905942218
"91","ebi-a-GCST90001481","Resting CD4 regulatory T cell %CD4 regulatory T cell",-0.0625105739620362,0.0243733581532646,0.0103262332500736,-0.0215857013375679,0.0206786129780102,0.29654738340415
"92","ebi-a-GCST90001482","Resting CD4 regulatory T cell %CD4+ T cell",-0.0469305523793901,0.0249545087801658,0.0600203339296186,-0.0183362053973131,0.0198334449707498,0.355221183608931
"93","ebi-a-GCST90001483","CD39+ resting CD4 regulatory T cell Absolute Count",-0.0540010732806274,0.0267101312694456,0.0432027064925563,-0.00474907325914505,0.0218491602129792,0.827929948576111
"94","ebi-a-GCST90001484","CD39+ resting CD4 regulatory T cell %resting CD4 regulatory T cell",-0.0401702045887682,0.0264896356705282,0.129405636879749,-0.00514049218452457,0.0242129774011884,0.831870511959811
"95","ebi-a-GCST90001485","CD39+ resting CD4 regulatory T cell %CD4 regulatory T cell",-0.0557937916864107,0.0264527932761431,0.0349287567347888,0.00123276485106765,0.00717615747920406,0.863605612073581
"96","ebi-a-GCST90001486","Activated CD4 regulatory T cell Absolute Count",0.0153679917660052,0.0319985552343293,0.631034403758833,-0.0299482877726638,0.0306618627003855,0.328704024091677
"97","ebi-a-GCST90001487","Activated CD4 regulatory T cell %CD4 regulatory T cell",0.0166133141520863,0.0263119515215734,0.527780308857342,0.0123113640597668,0.0297125640430212,0.678618709198795
"98","ebi-a-GCST90001488","Activated CD4 regulatory T cell %CD4+ T cell",0.0327730651031123,0.0266296468199949,0.218435667502769,0.0376022867654304,0.0400132516403805,0.347347945847649
"99","ebi-a-GCST90001489","CD39+ activated CD4 regulatory T cell Absolute Count",0.0165010907267445,0.0330887791136726,0.617996779663809,-0.00521217773937281,0.0258462243993752,0.840181684645665
"100","ebi-a-GCST90001490","CD39+ activated CD4 regulatory T cell %activated CD4 regulatory T cell",0.0105936970288671,0.0419448949660965,0.800606504896836,0.00210692165318581,0.135916444729132,0.987632012178017
"101","ebi-a-GCST90001491","CD39+ activated CD4 regulatory T cell %CD4 regulatory T cell",0.0267200700470475,0.027049533285529,0.323240809366972,0.000984938722336608,0.0205095763783722,0.96169762734177
"102","ebi-a-GCST90001492","Secreting CD4 regulatory T cell Absolute Count",0.0141439230492121,0.028073755635844,0.614392791448038,-0.0134592964253542,0.0164873045295067,0.41430396020466
"103","ebi-a-GCST90001493","Secreting CD4 regulatory T cell %CD4 regulatory T cell",0.0469714474735809,0.0280082351179458,0.0935310520057606,-0.0196177871922133,0.0287662801456651,0.495256884962656
"104","ebi-a-GCST90001494","Secreting CD4 regulatory T cell %CD4+ T cell",0.0402062204093555,0.0312263743979327,0.197894823246558,-0.00673062945603628,0.0159500238812235,0.673037859410176
"105","ebi-a-GCST90001495","CD39+ secreting CD4 regulatory T cell Absolute Count",-0.00079474015462008,0.0300916478553107,0.978929794998699,0.0163007666048431,0.0209278556237693,0.436036938920126
"106","ebi-a-GCST90001496","CD39+ secreting CD4 regulatory T cell %secreting CD4 regulatory T cell",-0.0131627137986002,0.0274135472759247,0.631118167473076,-0.0048370419386737,0.0270216594815625,0.85793291022768
"107","ebi-a-GCST90001497","CD39+ secreting CD4 regulatory T cell %CD4 regulatory T cell",0.00368907405560535,0.0280538049524436,0.895379823106931,-0.0283870362615643,0.0323892231052105,0.380793807685225
"108","ebi-a-GCST90001498","Activated & resting CD4 regulatory T cell Absolute Count",-0.0227564885967371,0.0274128897768898,0.406460617962826,-0.0355774216801951,0.0414087889160902,0.39024363471933
"109","ebi-a-GCST90001499","Activated & resting CD4 regulatory T cell %CD4 regulatory T cell",-0.0468506061838115,0.0281507062926908,0.0960568511878317,0.0352540908851423,0.0291170095515953,0.225982391048191
"110","ebi-a-GCST90001500","Activated & resting CD4 regulatory T cell %CD4+ T cell",-0.0156073357382674,0.0263046743476415,0.552960750000493,-0.00546965581371543,0.0251998896511478,0.828168768008046
"111","ebi-a-GCST90001501","Activated & secreting CD4 regulatory T cell Absolute Count",0.0175432923762965,0.0286608726092457,0.540472238055066,-0.00882414909671439,0.0159385343858505,0.579827868509104
"112","ebi-a-GCST90001502","Activated & secreting CD4 regulatory T cell %CD4 regulatory T cell",0.0646324405112586,0.024076460724653,0.00726457691843994,-0.0025676781371324,0.019158553601731,0.893384745902704
"113","ebi-a-GCST90001503","Activated & secreting CD4 regulatory T cell %CD4+ T cell",0.0488427754648659,0.0266856139007982,0.0672045518397601,-0.0114111503791584,0.0119178325441733,0.33832232401824
"114","ebi-a-GCST90001504","CD25++ CD4+ T cell Absolute Count",0.025578563863959,0.031438232869907,0.415866525848469,0.0355249430338089,0.0486022287657926,0.464820453197526
"115","ebi-a-GCST90001505","CD25++ CD4+ T cell %CD4+ T cell",0.0612075632481633,0.0270097946346235,0.0234437482380325,0.00340128977572334,0.0363579520677138,0.925466556153323
"116","ebi-a-GCST90001506","CD25++ CD4+ T cell %T cell",0.029526389602444,0.0272256698716079,0.278140715285068,-0.0100267492044575,0.0341775487636447,0.769237526172184
"117","ebi-a-GCST90001507","CD25++ CD45RA+ CD4 not regulatory T cell Absolute Count",-0.0280680855762996,0.0276652864298118,0.310315742776948,-0.0298917781744939,0.0247098608027,0.226389997698244
"118","ebi-a-GCST90001508","CD25++ CD45RA+ CD4 not regulatory T cell %CD4+ T cell",-0.0250468420472967,0.0272113068143905,0.357333912922448,-0.00494815861732595,0.014402312306969,0.731171977863291
"119","ebi-a-GCST90001509","CD25++ CD45RA+ CD4 not regulatory T cell %T cell",-0.0318877088085019,0.0271960822481645,0.240991910945388,0.0015149121078066,0.0177804320181871,0.932101527652788
"120","ebi-a-GCST90001510","CD25++ CD45RA- CD4 not regulatory T cell Absolute Count",0.0485684476880616,0.0354107280623979,0.1701959713325,-0.0121268269891972,0.0259127012079377,0.639793342942869
"121","ebi-a-GCST90001511","CD25++ CD45RA- CD4 not regulatory T cell %CD4+ T cell",0.0751861872731988,0.0311617606579813,0.0158317702840918,0.0158619805253084,0.0330292373316891,0.631056325576575
"122","ebi-a-GCST90001512","CD25++ CD45RA- CD4 not regulatory T cell %T cell",0.0527114570721422,0.0327631279060787,0.107645815403518,-0.0221288068501634,0.0310461061379101,0.475986621664535
"123","ebi-a-GCST90001513","CD4 regulatory T cell Absolute Count",0.00293019594739373,0.0280537816759111,0.916812854914758,0.0182496607467299,0.0479529035580194,0.703518875112699
"124","ebi-a-GCST90001514","Hematopoietic Stem Cell Absolute Count",-0.0126898940255178,0.0381781401565694,0.739597517257105,-0.0596307032815776,0.0299974647390211,0.046827385808476
"125","ebi-a-GCST90001515","Immature Myeloid-Derived Suppressor Cells Absolute Count",0.0269155721005705,0.0357860668980187,0.451976285240268,-0.00944145315011736,0.0299669571615616,0.752714486304349
"126","ebi-a-GCST90001516","Immature Myeloid-Derived Suppressor Cells %CD33dim HLA DR- CD66b-",0.0144033233143456,0.0352562067517889,0.682882420715129,0.0303046538444634,0.0368090789074747,0.410341442105222
"127","ebi-a-GCST90001517","CD33+ HLA DR+ Absolute Count",-0.0234456754831748,0.0360638639985311,0.515617644521601,-0.0169676621453424,0.0184279954584848,0.357178547010871
"128","ebi-a-GCST90001518","CD33+ HLA DR+ CD14- Absolute Count",-0.031883892030297,0.0372201912378305,0.391650000424661,-0.00925847113357503,0.0150416525226857,0.538209909398792
"129","ebi-a-GCST90001519","CD33+ HLA DR+ CD14- %CD33+ HLA DR+",-0.022973566558599,0.0367900877536661,0.53233216392316,0.032238610222798,0.0307164931232443,0.293923335445736
"130","ebi-a-GCST90001520","CD33+ HLA DR+ CD14dim Absolute Count",-0.0107491656498283,0.0349983795433767,0.758741958934466,-0.0342000106913704,0.0235837321683722,0.147015967712059
"131","ebi-a-GCST90001521","CD33+ HLA DR+ CD14dim %CD33+ HLA DR+",0.0166791465586443,0.0411959167397488,0.685570292031078,-0.0383278506014304,0.0315777399368719,0.224838744183728
"132","ebi-a-GCST90001522","CD33- HLA DR- Absolute Count",-0.0443831003797211,0.0355519289667863,0.211883865088676,0.0409103423955445,0.0340442911702139,0.229487548990593
"133","ebi-a-GCST90001523","CD33- HLA DR+ Absolute Count",-0.0255512608483849,0.0370255548449762,0.490132569302685,-0.00325089873069453,0.0253944404331742,0.898136185024035
"134","ebi-a-GCST90001524","Granulocytic Myeloid-Derived Suppressor Cells Absolute Count",0.0620611187487701,0.033407164843728,0.0632089549337928,0.0550391810873571,0.0327997470163173,0.093339923728084
"135","ebi-a-GCST90001525","CD33dim HLA DR+ CD11b+ Absolute Count",0.00056463702053874,0.0359557321051407,0.987470797592405,-0.0287165454504877,0.0269551238238507,0.286719180482814
"136","ebi-a-GCST90001526","CD33dim HLA DR+ CD11b+ %CD33dim HLA DR+",-0.00193004824783735,0.0420296197450143,0.963373100960853,-0.0373191021258339,0.0423727279013077,0.378461809791515
"137","ebi-a-GCST90001527","CD33dim HLA DR+ CD11b- Absolute Count",-0.00358851934779362,0.0488087913815149,0.941390747960357,-0.00632860204801893,0.0298896594494983,0.832315999665502
"138","ebi-a-GCST90001528","CD33dim HLA DR+ CD11b- %CD33dim HLA DR+",-0.00483106641514867,0.0424598345092771,0.909412446388963,0.0229202527720139,0.0307580287196588,0.456163207904357
"139","ebi-a-GCST90001529","CD66b++ myeloid cell Absolute Count",0.0475243510409317,0.0351210508584823,0.176004976888008,0.0954858932659072,0.0402870835807366,0.0177815119969188
"140","ebi-a-GCST90001530","Monocytic Myeloid-Derived Suppressor Cells Absolute Count",-0.0319336891765798,0.035365087887235,0.366540680061778,-0.0182879837090986,0.0383386840409597,0.633354108617915
"141","ebi-a-GCST90001531","CD33dim HLA DR- Absolute Count",0.0217781547987661,0.0368525818728763,0.554551713137451,-0.0318484892039425,0.0193618192295376,0.0999879555116356
"142","ebi-a-GCST90001532","Basophil Absolute Count",0.0119294864791943,0.0362819543910111,0.74230728235563,-0.0211898292781203,0.0160665955822558,0.187210946286402
"143","ebi-a-GCST90001533","Basophil %CD33dim HLA DR- CD66b-",-0.0263772039462325,0.0350050913204494,0.451134622683454,0.0385345834203771,0.0316188892070973,0.222950355036438
"144","ebi-a-GCST90001534","CD45RA- CD4+ T cell Absolute Count",0.0406429684882478,0.0292368401554801,0.164489821505656,-0.0358847796068123,0.0372307441100374,0.335122119241488
"145","ebi-a-GCST90001535","CD45RA- CD4+ T cell %CD4+ T cell",0.0861605702542432,0.0305871240309693,0.00484910985566694,0.0156502799309606,0.030211615497473,0.604442955670837
"146","ebi-a-GCST90001536","CD45RA- CD4+ T cell %T cell",0.0488198119036858,0.0281935081166149,0.0833452280647761,-0.0151800675988226,0.0190839421339105,0.426359529552763
"147","ebi-a-GCST90001537","Central Memory CD4+ T cell Absolute Count",0.00393951990185005,0.0270006804190932,0.883996804686844,-0.0181886975578179,0.0328802140649704,0.580139728700029
"148","ebi-a-GCST90001538","Central Memory CD4+ T cell %CD4+ T cell",0.0193924298813439,0.033392223645725,0.561411057316313,-0.00471965821482888,0.0279039730854957,0.865687080632103
"149","ebi-a-GCST90001539","Central Memory CD4+ T cell %T cell",-0.00017366899741029,0.0310106790681739,0.995531633244854,0.0263164259884176,0.0655392095585385,0.688024708396831
"150","ebi-a-GCST90001540","Naive CD4+ T cell Absolute Count",-0.048996014546396,0.0270537495185201,0.0701312730029971,0.0522352968010855,0.0542427738023659,0.335552097067492
"151","ebi-a-GCST90001541","Naive CD4+ T cell %CD4+ T cell",-0.0682080473999283,0.0290564563545866,0.018903337371295,-0.010414392606402,0.0350241406600395,0.766200088720668
"152","ebi-a-GCST90001542","Effector Memory CD4+ T cell Absolute Count",0.0608985213272749,0.0315799663088098,0.0538065162752313,0.0167373337060744,0.0283522305212509,0.554965613089731
"153","ebi-a-GCST90001543","Effector Memory CD4+ T cell %CD4+ T cell",0.0881775116395957,0.0279524728828873,0.00160745076546448,-0.010533772861336,0.0302960608478789,0.728069649124325
"154","ebi-a-GCST90001544","Effector Memory CD4+ T cell %T cell",0.0684731953971636,0.0254773062125792,0.00719642743712419,0.0405086435065137,0.0301971352170546,0.179766909420065
"155","ebi-a-GCST90001545","Terminally Differentiated CD4+ T cell Absolute Count",-0.0287809304791923,0.0332679138053089,0.386969746489611,-0.00264290637418744,0.0501039430508033,0.957932318685449
"156","ebi-a-GCST90001546","Terminally Differentiated CD4+ T cell %CD4+ T cell",-0.0218719018292408,0.0301390975057481,0.468023540622272,-0.00216795605190009,0.0491654686503456,0.964828601941158
"157","ebi-a-GCST90001547","Terminally Differentiated CD4+ T cell %T cell",-0.0316445542687275,0.0295302832771348,0.283901213796161,-0.0262712395336773,0.0239259336207838,0.27219418842671
"158","ebi-a-GCST90001548","Central Memory CD8+ T cell Absolute Count",0.0209809781573692,0.0252540273106322,0.406088138057453,-0.00928347371532103,0.0446787964030942,0.835398767642642
"159","ebi-a-GCST90001549","Central Memory CD8+ T cell %CD8+ T cell",0.0132061721544257,0.0265009408252729,0.618252574720242,-0.0602274135255529,0.0437006241723268,0.168147103937196
"160","ebi-a-GCST90001550","Central Memory CD8+ T cell %T cell",0.0228899091557411,0.0267775304849917,0.392652033660748,-0.0177286061966418,0.0514195235306233,0.730257095949759
"161","ebi-a-GCST90001551","Naive CD8+ T cell Absolute Count",-0.0276601049051608,0.0181428905681176,0.127366409169506,0.00468233812330926,0.00920246224700422,0.610882872075503
"162","ebi-a-GCST90001552","Naive CD8+ T cell %CD8+ T cell",-0.0357894718998251,0.0198972792726708,0.0720642743330389,-0.00219850294951867,0.00750368081548878,0.769529845487445
"163","ebi-a-GCST90001553","Naive CD8+ T cell %T cell",-0.0285444129286367,0.0181162958789137,0.115113215529779,0.00384840019082121,0.00772550288840325,0.618383710191833
"164","ebi-a-GCST90001554","Effector Memory CD8+ T cell Absolute Count",0.0471914561894125,0.0299638977928218,0.115269408624424,0.0102886146535933,0.0326886865780883,0.75295494919706
"165","ebi-a-GCST90001555","Effector Memory CD8+ T cell %CD8+ T cell",0.0586239360656713,0.0244491604337321,0.0164943486377652,0.0388188399332794,0.0211962869161539,0.0670411422519971
"166","ebi-a-GCST90001556","Effector Memory CD8+ T cell %T cell",0.0620838174263043,0.0275707321473037,0.0243348156029413,0.0101349234278467,0.0288429779554457,0.725301260472718
"167","ebi-a-GCST90001557","Terminally Differentiated CD8+ T cell Absolute Count",-0.00820133231248766,0.0274733931596409,0.765307008585557,0.0186829504938663,0.111644179607217,0.867099618486748
"168","ebi-a-GCST90001558","Terminally Differentiated CD8+ T cell %CD8+ T cell",-0.0137701845753048,0.0263977816162461,0.601919799904545,0.0303327284154893,0.0307377783141971,0.323729707522299
"169","ebi-a-GCST90001559","Terminally Differentiated CD8+ T cell %T cell",4.3238551019124e-05,0.0268692330110351,0.99871602745841,-0.0163842975429137,0.037172943582271,0.659387710134833
"170","ebi-a-GCST90001560","CD45RA+ CD8+ T cell Absolute Count",-0.0290360196918511,0.0231557760866259,0.209862781318731,-0.000794183626760785,0.0103274935757597,0.938703146017268
"171","ebi-a-GCST90001562","CD45RA+ CD8+ T cell %T cell",-0.0371963357299821,0.0237868327149217,0.117879489934592,-0.00465265432017631,0.00585235155843347,0.426610040089529
"172","ebi-a-GCST90001563","Central Memory CD4-CD8- T cell Absolute Count",-0.0297990422441055,0.0227945358630636,0.191114634503004,NA,NA,NA
"173","ebi-a-GCST90001564","Central Memory CD4-CD8- T cell %CD4-CD8- T cell",-0.035455182231338,0.0276084626735062,0.199066987270917,-0.0546772532815044,0.0701848978014952,0.435952707116612
"174","ebi-a-GCST90001565","Central Memory CD4-CD8- T cell %T cell",-0.0298430357766192,0.0253391642889297,0.238898883391904,0.0311039143353403,0.0339245128573744,0.359217776075315
"175","ebi-a-GCST90001566","Naive CD4-CD8- T cell Absolute Count",-0.0351560468704961,0.0261724452025733,0.17919215128473,-0.0441259396600965,0.0697659296894629,0.527069673492959
"176","ebi-a-GCST90001567","Naive CD4-CD8- T cell %CD4-CD8- T cell",-0.0345106231612954,0.0289000576743963,0.232424449747799,-0.0532957608280691,0.0507654096392907,0.293789840850953
"177","ebi-a-GCST90001568","Naive CD4-CD8- T cell %T cell",-0.0199081520390558,0.0291403229878364,0.494491673957586,-0.063510862352176,0.0744893199447915,0.393871718299032
"178","ebi-a-GCST90001569","Effector Memory CD4-CD8- T cell Absolute Count",0.0216455892562988,0.0284425992651385,0.446640872003185,-0.0561928423712044,0.0542100548650091,0.299933498493029
"179","ebi-a-GCST90001570","Effector Memory CD4-CD8- T cell %CD4-CD8- T cell",0.0145505289365769,0.0284034532611452,0.608454865910774,-0.0312137723889128,0.0294788085440281,0.289665997552677
"180","ebi-a-GCST90001571","Effector Memory CD4-CD8- T cell %T cell",0.0261135423148081,0.0279430095869762,0.350031277551552,-0.0416329385019576,0.0402304645301978,0.300733833234058
"181","ebi-a-GCST90001572","Terminally Differentiated CD4-CD8- T cell Absolute Count",0.0121546372540952,0.0278090532408033,0.662057079526696,-0.0736647358043759,0.0804398997591234,0.359785657988155
"182","ebi-a-GCST90001573","Terminally Differentiated CD4-CD8- T cell %CD4-CD8- T cell",-0.00107513485728436,0.0271559239975017,0.968419065661111,0.0595089010977441,0.0305802065451288,0.0516554499676307
"183","ebi-a-GCST90001574","Terminally Differentiated CD4-CD8- T cell %T cell",0.0191472743164332,0.0308895392206768,0.535348160543037,-0.00173691001540432,0.0377981222771495,0.963348282273651
"184","ebi-a-GCST90001575","Naive CD4+ T cell %T cell",-0.0636851706602162,0.0301745360126696,0.0348101433438774,-0.0042506314090929,0.0443413605681197,0.923630535130696
"185","ebi-a-GCST90001576","Transitional B cell %B cell",-0.0421998964866125,0.026209434263615,0.107375307732632,0.0149045381082114,0.0612120900673405,0.807625751202165
"186","ebi-a-GCST90001577","Transitional B cell Absolute Count",-0.0473170147519289,0.0282689237181022,0.0941665030562844,-0.0357186951604964,0.0567924389716823,0.529392273367577
"187","ebi-a-GCST90001578","Transitional B cell %lymphocyte",-0.0425821574949719,0.0289694129167289,0.141588676434188,-0.00965755820408267,0.0559764361580996,0.863021669389262
"188","ebi-a-GCST90001579","CD14- CD16+ monocyte Absolute Count",-0.0207018199558699,0.026100214633896,0.427680731803635,0.017469149216484,0.0445955800465467,0.69526231706184
"189","ebi-a-GCST90001580","CD14+ CD16+ monocyte Absolute Count",-0.0585088849081414,0.026250333655846,0.0258217856443851,-0.0128801972968425,0.0364141954490147,0.723553506035338
"190","ebi-a-GCST90001581","CD14- CD16- Absolute Count",0.00666332413916673,0.0325257252830356,0.83767900812453,0.00636635314952353,0.0109899126310178,0.56239310294532
"191","ebi-a-GCST90001582","CD14+ CD16- monocyte Absolute Count",-0.0321852522109151,0.0257416231492893,0.21118287453079,-0.0461691862379411,0.0643409658763358,0.473022083560087
"192","ebi-a-GCST90001583","Monocyte Absolute Count",-0.0409148117831783,0.0257294804716384,0.111791552733163,-0.0146317912952756,0.0317777031770211,0.645198946567374
"193","ebi-a-GCST90001584","CD14- CD16+ monocyte %monocyte",-0.00906301130858877,0.0258555779720185,0.725945171452239,0.0489226809388507,0.0478802596043406,0.306889098228612
"194","ebi-a-GCST90001585","CD14+ CD16+ monocyte %monocyte",-0.0528479629118946,0.0265585044925901,0.0466052928120626,-0.00983936911530869,0.0362861382458958,0.786267555054296
"195","ebi-a-GCST90001586","CD14+ CD16- monocyte %monocyte",0.0267300762838174,0.0259799620193428,0.303539451153012,-0.0059230965443976,0.0503193673745393,0.906297383008452
"196","ebi-a-GCST90001587","CD16+ monocyte %monocyte",-0.0228885959509609,0.0259872297137215,0.378445994360793,0.0192836239463449,0.0505872865247027,0.703058511158644
"197","ebi-a-GCST90001588","T/B cell",-0.00601716145105305,0.0322355502173209,0.851925428764723,0.0143661255841972,0.0511818434414117,0.778949768778055
"198","ebi-a-GCST90001589","CD4+/CD8+ T cell",-0.0227611680135329,0.0268909156461659,0.397315183890867,-0.0172889508482832,0.0557480097682094,0.756464546863248
"199","ebi-a-GCST90001590","CD4+ T cell Absolute Count",-0.00408869354164748,0.0263924571561764,0.87688516056518,0.0288190810460235,0.0413611590272461,0.485948767190229
"200","ebi-a-GCST90001591","CD4+ T cell %T cell",-0.0316586927835422,0.0267459755151124,0.236539514800223,-0.0260962589303939,0.056240663487463,0.642640215922664
"201","ebi-a-GCST90001592","CD8+ T cell Absolute Count",0.0219312964594838,0.0266605593046265,0.410728662843724,0.0256407677093465,0.0295274769629028,0.385191950842388
"202","ebi-a-GCST90001593","CD8+ T cell %T cell",0.021647918236668,0.0272876254862166,0.427589290050196,-0.0276032120483601,0.0442646942255833,0.532894039531512
"203","ebi-a-GCST90001594","CD4+CD8+ T cell Absolute Count",0.0240268517632791,0.0284559852000474,0.398473055437789,-0.0683280411928322,0.0573890642358693,0.233806399500315
"204","ebi-a-GCST90001595","CD4+CD8+ T cell %T cell",0.00880639998415774,0.0524424153413161,0.866642171411828,-0.128297762103605,0.12841161908655,0.317739787869911
"205","ebi-a-GCST90001596","CD8dim T cell Absolute Count",0.0172788814103208,0.0295078075597483,0.558164637866794,-0.0247498420005672,0.0670442759269945,0.71201094675103
"206","ebi-a-GCST90001597","CD8dim T cell %T cell",0.00973253426110652,0.0321802431722826,0.762318051190908,-0.0268794317601433,0.120251069457254,0.823124912503618
"207","ebi-a-GCST90001598","CD4-CD8- T cell Absolute Count",0.0250327035205736,0.0294542133396108,0.395388848134555,-0.0683638955919654,0.068457951255819,0.317975860857544
"208","ebi-a-GCST90001599","CD4-CD8- T cell %T cell",0.0202164442224988,0.0301140483137249,0.502010746737181,-0.0981174377093481,0.0709519246372191,0.16670408348985
"209","ebi-a-GCST90001600","Leukocyte Absolute Count",0.083115495673335,0.0447910483763315,0.0635066884912999,-0.000298923823132746,0.0720742116411554,0.996690827216367
"210","ebi-a-GCST90001601","Lymphocyte Absolute Count",0.0125819375517474,0.0263910801941717,0.633540421868699,-0.0235035428864097,0.0411822287507837,0.568189108764771
"211","ebi-a-GCST90001602","Lymphocyte %leukocyte",-0.0289943622537269,0.0264114173397903,0.272293347932345,-0.0404364202369365,0.0421470333935273,0.337350627217715
"212","ebi-a-GCST90001603","T cell Absolute Count",0.0173177494432265,0.0262269273967252,0.509058656684182,0.0194073958536923,0.062692214294991,0.756890798557465
"213","ebi-a-GCST90001604","T cell %lymphocyte",0.0113378269447471,0.0256974841228972,0.659065482190956,-0.023008918016517,0.0874457793142836,0.792456462433418
"214","ebi-a-GCST90001605","T cell %leukocyte",-0.0206456702946051,0.0261052822382973,0.429024646567064,-0.0301735785587722,0.0312189032055764,0.333785898713208
"215","ebi-a-GCST90001606","CD4+ T cell %leukocyte",-0.0306329797134391,0.0259891195844917,0.238523718177908,-0.0715501198225543,0.0733182139038901,0.329121627598065
"216","ebi-a-GCST90001607","CD8+ T cell %leukocyte",0.0228843777577158,0.0294471494791337,0.437079782495691,0.00662175710935976,0.056594530021581,0.906857293713486
"217","ebi-a-GCST90001608","CD4+CD8+ T cell %leukocyte",0.0177210273650234,0.0281464213739339,0.528955382665213,0.00996944683259015,0.0585117941054095,0.864708513076448
"218","ebi-a-GCST90001609","CD4+ CD8dim T cell Absolute Count",0.0316541173491886,0.0281147141285397,0.260211452357637,0.0446627453211145,0.0718561845944955,0.534232921250499
"219","ebi-a-GCST90001610","CD4+ CD8dim T cell %lymphocyte",0.030866794955756,0.0269657653991818,0.252347538668959,0.0535458174761115,0.0583804848930655,0.359044696587992
"220","ebi-a-GCST90001611","CD4+ CD8dim T cell %leukocyte",0.0316287439158702,0.0272847035892349,0.246369959006054,0.0551877467065274,0.0614025989567987,0.368767088933438
"221","ebi-a-GCST90001612","CD8dim T cell %leukocyte",0.0123884188981761,0.031405459511338,0.693236251072165,-0.10515972680281,0.0855424231877911,0.218948718363982
"222","ebi-a-GCST90001613","CD4-CD8- T cell %leukocyte",0.0214890667998148,0.0296484097041328,0.468576816735612,-0.00778864821419393,0.0309870306832428,0.801542072892706
"223","ebi-a-GCST90001614","CD8+ and CD8dim T cell %leukocyte",0.0204828184528254,0.0281348064465784,0.466598805165808,-0.0210257076281651,0.0636848037406053,0.741284611699473
"224","ebi-a-GCST90001615","TCRgd T cell Absolute Count",-0.00684894563585785,0.0259253912357125,0.791641941329167,-0.0130946650627893,0.0664852958734804,0.843862121686802
"225","ebi-a-GCST90001616","TCRgd T cell %T cell",-0.01769228442648,0.026565395944356,0.505417579285718,-0.0546539093677735,0.0444070490152918,0.218416939049435
"226","ebi-a-GCST90001617","TCRgd T cell %lymphocyte",-0.0146758644590503,0.0264606453646158,0.579147849574469,-0.0642272539039937,0.0480315859007131,0.181161321294356
"227","ebi-a-GCST90001618","HLA DR+ T cell Absolute Count",-0.00565809801298732,0.0285000355426209,0.842630800727991,0.00687678830580955,0.0252335190098976,0.785217654113089
"228","ebi-a-GCST90001619","HLA DR+ T cell%T cell",-0.0147564042662115,0.0243903215177703,0.545171920631299,0.0235324898693223,0.0225611742865828,0.296923965465481
"229","ebi-a-GCST90001620","HLA DR+ T cell%lymphocyte",-0.0127786002595518,0.0255627919676826,0.617152088171081,0.010877471704245,0.0234594857214317,0.642883828684936
"230","ebi-a-GCST90001621","Natural Killer T Absolute Count",0.0229895278857917,0.0266255611312113,0.387896557145023,-0.00564278127603624,0.0330476636845875,0.864422898839762
"231","ebi-a-GCST90001622","Natural Killer T %T cell",0.0226401529956823,0.0266972857806581,0.396420142602774,0.00381256474587693,0.037665839330397,0.919375220147713
"232","ebi-a-GCST90001623","Natural Killer T %lymphocyte",0.0233184508655643,0.0268534647823684,0.38519777052304,-0.0236607202170833,0.0361166952552054,0.512391372825617
"233","ebi-a-GCST90001624","HLA DR+ CD4+ T cell Absolute Count",-0.0165976213994373,0.0257441067010162,0.519111650999923,-0.0306087053802603,0.0457978321594887,0.503914046292662
"234","ebi-a-GCST90001625","HLA DR+ CD4+ T cell %T cell",-0.0308273301761073,0.0230700910150541,0.181468691341151,-0.0918764776662539,0.0587768315776912,0.118019424333373
"235","ebi-a-GCST90001626","HLA DR+ CD4+ T cell %lymphocyte",-0.0282807519746159,0.0237335120399691,0.233419793998932,-0.0150738459869942,0.0431630235570268,0.726916240890684
"236","ebi-a-GCST90001627","HLA DR+ CD8+ T cell Absolute Count",0.00296319095328161,0.0286367436543259,0.917585881897604,0.00682590423328314,0.028731890249064,0.812212756310633
"237","ebi-a-GCST90001628","HLA DR+ CD8+ T cell %T cell",-0.0036282075898032,0.0252090677116925,0.885559928395185,-0.00740025545851262,0.0219615584931293,0.736144008884475
"238","ebi-a-GCST90001629","HLA DR+ CD8+ T cell %lymphocyte",-0.00142720621143902,0.0264787264253776,0.957014750698999,0.019368217508943,0.0273694869265702,0.479158093636974
"239","ebi-a-GCST90001630","CD8+ Natural Killer T Absolute Count",0.0317512326835979,0.0264624318195607,0.230193434677199,-0.0204340597191387,0.0563127049741759,0.716703742948204
"240","ebi-a-GCST90001631","CD8+ Natural Killer T %T cell",0.0317708499843478,0.0261060363919541,0.223607076855409,0.0275394050565739,0.049222364707969,0.575827572714192
"241","ebi-a-GCST90001632","CD8+ Natural Killer T %lymphocyte",0.0331680067221128,0.0262643306448712,0.206641767442512,0.00953206528697309,0.0457278886423154,0.834876135597769
"242","ebi-a-GCST90001633","CD8dim Natural Killer T Absolute Count",0.0154600977650793,0.0261690949487608,0.554669889665482,0.0149990717231347,0.0406075319569427,0.711854385092319
"243","ebi-a-GCST90001634","CD8dim Natural Killer T %T cell",0.0138221828279435,0.0267090117576241,0.604800133792522,0.0183364909403997,0.0396830197170951,0.644028267415566
"244","ebi-a-GCST90001635","CD8dim Natural Killer T %lymphocyte",0.0148754010451981,0.0263472866924456,0.572353018435811,-0.00653118526417333,0.0445653546163549,0.88348487395518
"245","ebi-a-GCST90001636","CD4-CD8- Natural Killer T Absolute Count",0.0124381144487756,0.0420119070929656,0.767183002162511,-0.0101246612417821,0.100054003897982,0.91939807512844
"246","ebi-a-GCST90001637","CD4-CD8- Natural Killer T %T cell",0.00488585240873704,0.0268065272635197,0.855375914508768,-0.00836898034174448,0.0373555398258481,0.822729403199146
"247","ebi-a-GCST90001638","CD4-CD8- Natural Killer T %lymphocyte",0.00596416032290984,0.0270191341900876,0.825296133669102,0.00118982578642417,0.0396455622862546,0.976057821403191
"248","ebi-a-GCST90001639","CD3- lymphocyte Absolute Count",0.000804655860184502,0.0264654261688888,0.975744823364894,0.0587862001104029,0.0508143851025862,0.247320954555275
"249","ebi-a-GCST90001640","CD3- lymphocyte %lymphocyte",-0.0243027740431646,0.039949935831326,0.542968136785501,0.0452548808502311,0.149232850487707,0.761699250599938
"250","ebi-a-GCST90001641","CD3- lymphocyte %leukocyte",-0.0325468163287945,0.0267819965598137,0.224270826650256,0.0266144041065128,0.0790458979401369,0.736346398989573
"251","ebi-a-GCST90001642","B cell Absolute Count",0.0112955436339544,0.028433734341292,0.691176821556263,-0.00388496030053951,0.0474731910677048,0.93477806230231
"252","ebi-a-GCST90001643","B cell %CD3- lymphocyte",0.0169981178362366,0.0254265713558717,0.503803066016329,-0.000411000770147175,0.0162152761732765,0.979778570784027
"253","ebi-a-GCST90001644","B cell %lymphocyte",0.00730652502465436,0.0316468138647778,0.81741027150504,0.0140833700695765,0.0325079004404569,0.664848303928968
"254","ebi-a-GCST90001645","Natural Killer Absolute Count",-0.0152357098026565,0.0256681107835255,0.552802636875761,-0.00299206288736664,0.0444505002904757,0.946333130305758
"255","ebi-a-GCST90001646","Natural Killer %CD3- lymphocyte",-0.0163894034090001,0.0255272007557662,0.5208492607928,0.00561722469224763,0.0161654553831354,0.728228313162375
"256","ebi-a-GCST90001647","Natural Killer %lymphocyte",-0.022095750340134,0.0247958061471595,0.37287103630945,-0.045018497113734,0.0234244448885781,0.0546234112878306
"257","ebi-a-GCST90001648","HLA DR+ Natural Killer Absolute Count",0.00815088226436075,0.0264081635152424,0.757587707282085,-0.0107638957482661,0.0419578874998518,0.797533543093842
"258","ebi-a-GCST90001649","HLA DR+ Natural Killer %Natural Killer",0.0298692952518353,0.0269494925033851,0.267713489173806,0.00437897794179428,0.041699332359097,0.916365379974113
"259","ebi-a-GCST90001650","HLA DR+ Natural Killer  %CD3- lymphocyte",0.0211739161234273,0.0264237128017761,0.422944956998097,-0.0183958583614227,0.0346792018529453,0.595794455587108
"260","ebi-a-GCST90001651","Granulocyte Absolute Count",0.0523213704570535,0.0266818985399241,0.0498870354546556,-0.0999312299458539,0.0664097535811427,0.13238389669625
"261","ebi-a-GCST90001652","Granulocyte %leukocyte",0.0358729016736937,0.0266730277050566,0.178653332005951,0.0165505910151137,0.0645359244827486,0.797599158623778
"262","ebi-a-GCST90001653","CD28- CD4-CD8- T cell %CD4-CD8- T cell",0.00955835356632603,0.0268043943667295,0.721393888253679,-0.0612433843363754,0.0404367337431174,0.129886845952672
"263","ebi-a-GCST90001654","CD28- CD4-CD8- T cell Absolute Count",0.0145048024553512,0.0269415222641288,0.590314072677577,-0.0917894613010066,0.0355362286981267,0.00979502556498566
"264","ebi-a-GCST90001655","CD28+ CD4-CD8- T cell %T cell",0.0253912670466094,0.0243754534834744,0.297563020123148,-0.0910711887446437,0.0432561641505918,0.0352571859480369
"265","ebi-a-GCST90001656","CD28+ CD4-CD8- T cell %CD4-CD8- T cell",-0.00955835356632603,0.0268043943667295,0.721393888253679,0.0612433843363754,0.0404367337431174,0.129886845952672
"266","ebi-a-GCST90001657","CD28+ CD4-CD8- T cell Absolute Count",0.021385315953914,0.0245528556924583,0.383759075647423,-0.0335855342800494,0.068721125138624,0.625038438027483
"267","ebi-a-GCST90001658","CD39+ CD4+ T cell %T cell",0.0127185351007568,0.027061363992396,0.638363095690697,0.0100405202916604,0.0224064801662327,0.654075342398253
"268","ebi-a-GCST90001659","CD39+ CD4+ T cell %CD4+ T cell",0.0283810010945866,0.0261891156514007,0.278500266518749,0.0255568057404711,0.0335307364300788,0.445946369032871
"269","ebi-a-GCST90001660","CD39+ CD4+ T cell Absolute Count",0.0120535964342616,0.0308408606082493,0.695921391149406,0.00735912049966456,0.0363673241126092,0.839638976946358
"270","ebi-a-GCST90001661","CD28- CD8dim T cell %T cell",0.0158794007871312,0.0303772916289569,0.601155762880109,-0.0472063639336243,0.0376807593217407,0.210279384112696
"271","ebi-a-GCST90001662","CD28- CD8dim T cell %CD8dim T cell",0.00796150156904818,0.0264459471314623,0.763377832669824,-0.0629112331354309,0.0647099684013185,0.330949509025294
"272","ebi-a-GCST90001663","CD28- CD8dim T cell Absolute Count",0.00920265179916111,0.0283341506884575,0.745339933384999,-0.0145561894991403,0.0361429978443363,0.687140348275178
"273","ebi-a-GCST90001664","CD28+ CD45RA+ CD8dim T cell %T cell",-0.041799527484302,0.0263250452352962,0.112326238572168,0.00235728780367176,0.0112472458677375,0.833989243694157
"274","ebi-a-GCST90001665","CD28+ CD45RA+ CD8dim T cell %CD8dim T cell",-0.054957338560951,0.0263780603570218,0.0372103327719666,-0.00137460791727691,0.0179022546328411,0.938795326091024
"275","ebi-a-GCST90001666","CD28+ CD45RA+ CD8dim T cell Absolute Count",-0.0411173041687954,0.0251004863327312,0.10139919384221,0.00470169046959603,0.00605845741945011,0.437717067886879
"276","ebi-a-GCST90001667","CD28+ CD45RA- CD8dim T cell %T cell",0.0337604667418672,0.0252803842595218,0.181731987286951,-0.0215552815823686,0.0181911779654665,0.236044927492979
"277","ebi-a-GCST90001668","CD28+ CD45RA- CD8dim T cell %CD8dim T cell",0.0126653261381008,0.0263323371787183,0.630530750996358,-0.00534741940251633,0.0155226863514224,0.730477370456866
"278","ebi-a-GCST90001669","CD28+ CD45RA- CD8dim T cell Absolute Count",0.0321637079012302,0.0241824074604779,0.183503203066281,-0.00509970428624695,0.00767181155024091,0.50622145139782
"279","ebi-a-GCST90001670","CD39+ CD8+ T cell %T cell",0.0298580476149435,0.0281456680671213,0.28876266726327,-0.0276110709873878,0.04571400548611,0.545846381116701
"280","ebi-a-GCST90001671","CD39+ CD8+ T cell %CD8+ T cell",0.0237555005462263,0.0273752343151487,0.385518386854285,-0.021462584907071,0.0569089516572071,0.706070312381389
"281","ebi-a-GCST90001672","CD39+ CD8+ T cell Absolute Count",0.0272784036980804,0.0305854879687706,0.372460433455748,0.0325535869076283,0.0384789116643375,0.397546544475744
"282","ebi-a-GCST90001673","CD28- CD127- CD25++ CD8+ T cell %T cell",0.0155684728524151,0.02688522752562,0.562540833590251,-0.021045372579307,0.0396236839846974,0.595327904205898
"283","ebi-a-GCST90001674","CD28- CD127- CD25++ CD8+ T cell %CD8+ T cell",0.0100669805871622,0.027664389990584,0.715935139211274,0.0184139967540861,0.0387010195879254,0.634215919272377
"284","ebi-a-GCST90001675","CD28- CD127- CD25++ CD8+ T cell Absolute Count",0.00613372618424063,0.026892034895469,0.81957853048003,-0.0339210667055541,0.0517944119346432,0.5125208732601
"285","ebi-a-GCST90001676","CD28- CD25++ CD8+ T cell %T cell",-0.0199467651064782,0.0407547929648436,0.624534751901166,0.0235825698397711,0.0861304832570513,0.784237935259617
"286","ebi-a-GCST90001677","CD28- CD25++ CD8+ T cell %CD8+ T cell",-0.00059855774624656,0.0285365220186832,0.983265481077752,-0.0761893864723802,0.0523082041022139,0.145241315198327
"287","ebi-a-GCST90001678","CD28- CD25++ CD8+ T cell Absolute Count",0.00120154227575209,0.025245011341823,0.962038828751504,-0.0646532836831627,0.0411209256081483,0.115887462700419
"288","ebi-a-GCST90001679","CD25++ CD8+ T cell %T cell",0.0286018489739368,0.0322484481387129,0.375121048902776,0.0171076245103331,0.0439660297178286,0.697194731143096
"289","ebi-a-GCST90001680","CD25++ CD8+ T cell %CD8+ T cell",0.0234915572109627,0.0275346509035715,0.393568680147483,-0.0278936684560574,0.0444165456860632,0.530002793046916
"290","ebi-a-GCST90001681","CD25++ CD8+ T cell Absolute Count",0.026077902756524,0.0308555562971878,0.398021135912106,0.00230736191747905,0.040296440626805,0.954338326031123
"291","ebi-a-GCST90001682","CD127- CD8+ T cell %T cell",0.0297006577602189,0.0266616775841046,0.265286444708172,0.0149038717188814,0.0711261818777851,0.83402570799556
"292","ebi-a-GCST90001683","CD127- CD8+ T cell %CD8+ T cell",0.0192322084206708,0.025461434267516,0.45004103040179,0.0667989085397377,0.0607922751505674,0.271852753037085
"293","ebi-a-GCST90001684","CD127- CD8+ T cell Absolute Count",0.0164694432544313,0.0276343366633421,0.551190248756364,0.0982142076828031,0.0731998604261095,0.179684624246727
"294","ebi-a-GCST90001685","CD28- CD8+ T cell %T cell",0.0203760702484048,0.0262021700616438,0.436776440548474,0.0802189616920569,0.0739346904955457,0.277922718550708
"295","ebi-a-GCST90001686","CD28- CD8+ T cell %CD8+ T cell",0.0135875156002543,0.0241530309111105,0.573734916037933,0.0923257108225261,0.0547841092578646,0.0919375645947599
"296","ebi-a-GCST90001687","CD28- CD8+ T cell Absolute Count",0.0102298929795839,0.0269039460845605,0.703769020724091,0.0485071154499528,0.0558425196514715,0.385043390883028
"297","ebi-a-GCST90001688","CD28+ CD45RA+ CD8+ T cell %T cell",-0.0356373222142068,0.0196050763433132,0.0691008333647041,0.00238796545557204,0.00274958666416548,0.385130734897944
"298","ebi-a-GCST90001689","CD28+ CD45RA+ CD8+ T cell %CD8+ T cell",-0.0434252502867555,0.0202313785929768,0.0318386393936255,0.0035763004441958,0.00790328457144805,0.650902972809806
"299","ebi-a-GCST90001690","CD28+ CD45RA+ CD8+ T cell Absolute Count",-0.0314930267797957,0.018787133279118,0.0936778269685812,0.00770833829499412,0.0088721887692133,0.384945391732144
"300","ebi-a-GCST90001691","CD28+ CD45RA- CD8+ T cell %T cell",0.054861616362271,0.0282129595380258,0.0518287099474821,0.00297179271428076,0.0232663681918976,0.898363345108618
"301","ebi-a-GCST90001692","CD28+ CD45RA- CD8+ T cell %CD8+ T cell",0.0354661212120141,0.0267494973923355,0.184885670737778,0.00635933212239548,0.0154414540926929,0.680460324246246
"302","ebi-a-GCST90001693","CD28+ CD45RA- CD8+ T cell Absolute Count",0.0454428020984417,0.0293283092381695,0.121273145209475,-0.00513087934857339,0.0228375756643579,0.822237325474857
"303","ebi-a-GCST90001694","CD28- CD4-CD8- T cell %T cell",0.019729587528246,0.0274438076770525,0.47219727828124,-0.0746883342723057,0.0386523197610637,0.0533210306150896
"304","ebi-a-GCST90001695","CD45RA- CD28- CD8+ T cell Absolute Count",4.51863027942342,2.82256550481596,0.109400234078247,2.70896474659203e-05,1.33611086315422e-05,0.042611306623214
"305","ebi-a-GCST90001696","CD45RA- CD28- CD8+ T cell %CD8+ T cell",0.496956635083813,0.32847569604378,0.130300611303853,0.000936452439453064,0.000811900584057489,0.248743055108204
"306","ebi-a-GCST90001697","CD45RA- CD28- CD8+ T cell %T cell",0.263465751540039,0.140153029912573,0.0601294204495798,0.000639327726115553,0.000525261757188339,0.223543254789744
"307","ebi-a-GCST90001698","CD45RA+ CD28- CD8+ T cell Absolute Count",-3.66459030290602,3.83338694349718,0.339089053776435,-5.96102070431267e-06,8.42075177594642e-06,0.479009533775987
"308","ebi-a-GCST90001699","CD45RA+ CD28- CD8+ T cell %CD8+ T cell",-0.36739540064142,0.372163400797076,0.32355027625882,9.15689942535717e-05,0.000565537912075758,0.871372897309155
"309","ebi-a-GCST90001700","CD45RA+ CD28- CD8+ T cell %T cell",-0.0857819224106761,0.16028652978115,0.592526354953562,-0.000218099351886064,0.00035929480153229,0.543837230381259
"310","ebi-a-GCST90001701","BAFF-R on CD20- CD38- B cell",-0.0366833580496701,0.0260027541366446,0.158318652457776,0.0446071559875571,0.0623946037877955,0.474658420005126
"311","ebi-a-GCST90001702","BAFF-R on CD24+ CD27+ B cell",-0.00116145308552198,0.0294884894605966,0.968582116051242,-0.0220931247294633,0.0248059581087792,0.373123496791875
"312","ebi-a-GCST90001703","BAFF-R on IgD+ CD24+ B cell",0.00539175335015179,0.0298818353600696,0.856810438538216,-0.017319633098588,0.0281343288038091,0.538155259514316
"313","ebi-a-GCST90001704","BAFF-R on IgD+ CD24- B cell",0.00932764067661851,0.0318083688657702,0.769334997074378,-0.00828379749244235,0.0230024667357123,0.71875254753303
"314","ebi-a-GCST90001705","BAFF-R on IgD+ CD38- B cell",-0.00303212962866346,0.0307731299656312,0.921510080333591,-0.00317017900083996,0.0269621706985859,0.906401423403857
"315","ebi-a-GCST90001706","BAFF-R on IgD+ CD38- naive B cell",-0.00725428368056753,0.0417828696160281,0.862165206684928,0.00571475149680191,0.0240865018401377,0.812455475782122
"316","ebi-a-GCST90001707","BAFF-R on IgD+ CD38- unswitched memory B cell",-0.0123362932960775,0.0401293462868854,0.758528833999083,0.02700635240774,0.0238141383777055,0.256774829636616
"317","ebi-a-GCST90001708","BAFF-R on IgD+ CD38+ B cell",0.0166885103323039,0.0324896056392034,0.607491885647379,0.012605981694112,0.0218092866439255,0.563257494109018
"318","ebi-a-GCST90001709","BAFF-R on IgD+ CD38dim B cell",0.00685323049950542,0.0311601045004161,0.825920954843398,-0.00843686966174557,0.0225660014736072,0.708497123713528
"319","ebi-a-GCST90001710","BAFF-R on IgD- CD24- B cell",-0.00417024688614006,0.0322637033736159,0.897155830699323,0.00747653450267072,0.0291008192670219,0.797241803815429
"320","ebi-a-GCST90001711","BAFF-R on IgD- CD27- B cell",-0.00355640959072364,0.0311115867679492,0.908990931804558,0.012250971116801,0.0267516927986794,0.646987466672867
"321","ebi-a-GCST90001712","BAFF-R on IgD- CD38- B cell",-0.000139850229114609,0.0289509287234957,0.996145757335149,-0.0216246757181266,0.0281853690855741,0.442944462842059
"322","ebi-a-GCST90001713","BAFF-R on IgD- CD38+ B cell",-0.0159740352674961,0.0262075775159419,0.542180006795457,0.0164177039393771,0.0568253019519878,0.772646130729219
"323","ebi-a-GCST90001714","BAFF-R on IgD- CD38dim B cell",0.0231067093586238,0.0499024409745487,0.643337375111363,-0.108803609235421,0.0612115262660653,0.075485685088664
"324","ebi-a-GCST90001715","BAFF-R on memory B cell",0.00347936058489836,0.0291348933917229,0.904940669635126,-0.0239109212038795,0.0258271132308758,0.354546309153435
"325","ebi-a-GCST90001716","BAFF-R on naive-mature B cell",0.0116178645876425,0.0319841199770654,0.716426710776768,0.00569118531892956,0.0240271729134426,0.812761878286992
"326","ebi-a-GCST90001717","BAFF-R on unswitched memory B cell",0.00149392345683558,0.0295721104839535,0.959709617125805,-0.0255593734653811,0.0267594654508154,0.339500523366087
"327","ebi-a-GCST90001718","BAFF-R on switched memory B cell",0.00117241772376974,0.0302772154612002,0.969111417258849,-0.0166565407315316,0.0268629730005635,0.535221086981024
"328","ebi-a-GCST90001719","BAFF-R on IgD+ B cell",0.00937451285667449,0.0312516766036988,0.764201322209678,0.00363850360224815,0.0242110052624209,0.880541308908495
"329","ebi-a-GCST90001720","BAFF-R on transitional B cell",0.0123350190017025,0.0318500225679303,0.698545623879875,-0.00145026596486565,0.0243467529620519,0.952500405974434
"330","ebi-a-GCST90001721","CD19 on CD20- B cell",-0.00958154053340033,0.0297726977811615,0.74758674792158,-0.0182712553919854,0.0371561951257652,0.622901863203993
"331","ebi-a-GCST90001722","CD19 on CD20- CD38- B cell",-0.0042460639031328,0.0257824528146038,0.869189461444447,0.00367498416425228,0.0440041479868758,0.933442452904078
"332","ebi-a-GCST90001723","CD19 on CD24+ CD27+ B cell",0.0365395384883431,0.0261707313169829,0.162654697472592,0.00333214604878929,0.0288658511111004,0.908099884631199
"333","ebi-a-GCST90001724","CD19 on IgD+ CD24+ B cell",0.0345012865688787,0.0262633097239799,0.188957736116648,0.0250502319338997,0.0364839746362801,0.492329041567216
"334","ebi-a-GCST90001725","CD19 on IgD+ CD24- B cell",0.00542456586035935,0.0260202841825096,0.834858487506671,-0.0146414028638437,0.0247312672396658,0.553837249054074
"335","ebi-a-GCST90001726","CD19 on IgD+ CD38- B cell",0.0206562985207066,0.0260782660450119,0.42830898818061,0.0231662539901747,0.0446880166613041,0.604179430848113
"336","ebi-a-GCST90001727","CD19 on IgD+ CD38- naive B cell",-0.0131619831906073,0.0355785973816126,0.711426424424882,-0.0684910548562408,0.0333802318478306,0.0401847486876425
"337","ebi-a-GCST90001728","CD19 on IgD+ CD38- unswitched memory B cell",0.0330582813993266,0.038562334157465,0.391296412147103,0.0125532174403534,0.0207113870169936,0.544446883638481
"338","ebi-a-GCST90001729","CD19 on IgD+ CD38+ B cell",0.0164425318860647,0.0264206958829502,0.533721409575951,-0.0465463683555056,0.0408204530891349,0.254173522964268
"339","ebi-a-GCST90001730","CD19 on IgD+ CD38dim B cell",0.0215471993388298,0.026131195754211,0.409611428625313,-0.0352896733550721,0.0281913126531437,0.210645488775332
"340","ebi-a-GCST90001731","CD19 on IgD- CD24- B cell",0.0309596060821619,0.0261537519730414,0.236510492960249,-0.0302915787174972,0.0489035991831236,0.535643596868906
"341","ebi-a-GCST90001732","CD19 on IgD- CD27- B cell",0.0159741484526493,0.0261556566382179,0.54137570211942,-0.0456191542885122,0.0439759297695622,0.299565106427532
"342","ebi-a-GCST90001733","CD19 on IgD- CD38- B cell",0.0178286883650226,0.0261830526299501,0.495919111335365,-0.0517882097789657,0.0450442609474223,0.250259926839198
"343","ebi-a-GCST90001734","CD19 on IgD- CD38+ B cell",0.00541107662282453,0.026305625567987,0.837024978121941,0.0822294784472297,0.102392767874222,0.421929092646599
"344","ebi-a-GCST90001735","CD19 on IgD- CD38dim B cell",0.0355310772976977,0.0260947622251643,0.173318721539138,-0.0125251885823823,0.0516827227594216,0.808510761984564
"345","ebi-a-GCST90001736","CD19 on memory B cell",0.0357349704639369,0.0262078940216203,0.172718892248429,-0.00304700159586576,0.0380457801061187,0.936167451525121
"346","ebi-a-GCST90001737","CD19 on naive-mature B cell",0.0205377632037517,0.0260068026601675,0.429698698051961,-0.0230615747998562,0.0279689915966976,0.409632341217616
"347","ebi-a-GCST90001738","CD19 on unswitched memory B cell",0.0405372972199709,0.0261705403813445,0.121389710134651,0.0384538415376357,0.0477564078430854,0.420699662050047
"348","ebi-a-GCST90001739","CD19 on Plasma Blast-Plasma Cell",0.0262516459893388,0.0275779204079522,0.341143588082143,-0.0358889088867482,0.0538357647586904,0.505004074586695
"349","ebi-a-GCST90001740","CD19 on switched memory B cell",0.0339077122616338,0.0262337059455046,0.19617550627115,-0.00325161959598962,0.0487988685101056,0.946873799024268
"350","ebi-a-GCST90001741","CD19 on IgD+ B cell",0.0141966161966529,0.0261096472593068,0.586626818598213,-0.0225460412900497,0.0251193619840901,0.369422152170234
"351","ebi-a-GCST90001742","CD19 on transitional B cell",0.0170485047766525,0.0263890035567208,0.518249698170514,-0.0099140385240271,0.0367282229438815,0.787214330916232
"352","ebi-a-GCST90001743","CD20 on B cell",-0.00517024421311591,0.0262437032606911,0.843820540228103,0.0412811971255781,0.0388572563087081,0.288062915611011
"353","ebi-a-GCST90001744","CD20 on CD20- CD38- B cell",-0.00846423827161793,0.0259433069213126,0.744228379516032,0.046074408192621,0.113313913918854,0.684295503875639
"354","ebi-a-GCST90001745","CD20 on CD24+ CD27+ B cell",0.0183592575612378,0.0261314614094747,0.48232193363639,-0.0374926181565725,0.0460113005300523,0.415154320435919
"355","ebi-a-GCST90001746","CD20 on IgD+ CD24+ B cell",0.00224485587153368,0.0260781706957556,0.93140139149169,-0.0886545488547495,0.0522981898538554,0.0900423553469868
"356","ebi-a-GCST90001747","CD20 on IgD+ CD24- B cell",-0.0244040823580476,0.0261960203354483,0.351545852427117,0.011662349683464,0.0216974297360828,0.590922883264245
"357","ebi-a-GCST90001748","CD20 on IgD+ CD38- B cell",0.00745615817822072,0.0260534441420222,0.774734865948771,-0.0195237439022739,0.050002175306953,0.696197987411807
"358","ebi-a-GCST90001749","CD20 on IgD+ CD38- naive B cell",-0.00370237743615721,0.0361162664956837,0.918349701085322,-0.0232093564106251,0.0330939818493758,0.483105502033657
"359","ebi-a-GCST90001750","CD20 on IgD+ CD38- unswitched memory B cell",0.0059039426618068,0.0372845650047693,0.874182452233282,0.00431218471362692,0.0459131177158251,0.925172279046616
"360","ebi-a-GCST90001751","CD20 on IgD+ CD38+ B cell",0.00331604275454341,0.0260702772592831,0.898785035372086,0.0821077049492281,0.0433140620839155,0.058008164292822
"361","ebi-a-GCST90001752","CD20 on IgD+ CD38dim B cell",-0.00363360890949506,0.0261819718242983,0.889621739266243,0.0130460607858647,0.0232936043998502,0.575431347594275
"362","ebi-a-GCST90001753","CD20 on IgD- CD24- B cell",0.0185611647709568,0.0263197102186832,0.480673839621633,-0.0367269933454901,0.0496462730211803,0.459437487758106
"363","ebi-a-GCST90001754","CD20 on IgD- CD27- B cell",0.00747625336393588,0.0262164658958004,0.775510870271247,-0.0353096559162312,0.0458349659766317,0.441083378515691
"364","ebi-a-GCST90001755","CD20 on IgD- CD38- B cell",0.0181611337819882,0.0261929731253861,0.488084282377668,0.0242780509326557,0.0523566842862012,0.642859187700481
"365","ebi-a-GCST90001756","CD20 on IgD- CD38+ B cell",-0.0126311295403862,0.0261673303441495,0.62930444326581,0.0246706362279068,0.0706643223395099,0.726995950078921
"366","ebi-a-GCST90001757","CD20 on IgD- CD38dim B cell",0.0184275931971179,0.0261212345053061,0.480521465431506,0.00529535089254035,0.0136021794172317,0.69705301577235
"367","ebi-a-GCST90001758","CD20 on memory B cell",0.0174678235200993,0.0260990393919097,0.50331056698294,-0.0235657969005087,0.0313783101180805,0.452639498662646
"368","ebi-a-GCST90001759","CD20 on naive-mature B cell",-0.0175246538717413,0.026201022037723,0.503588726199591,0.00264053789631782,0.0291759992396607,0.927886898996364
"369","ebi-a-GCST90001760","CD20 on unswitched memory B cell",0.00483602569479521,0.0280102762312714,0.862925102280708,-0.0114518533099558,0.0422714817246633,0.786458685307988
"370","ebi-a-GCST90001761","CD20 on switched memory B cell",0.0223736267986637,0.0263134077679699,0.395172338985825,0.00298701852967587,0.038498509660234,0.938155867517813
"371","ebi-a-GCST90001762","CD20 on IgD+ B cell",-0.0195643187869383,0.026210167004848,0.455401623844074,0.00307424139652055,0.0322778316100724,0.924121720653794
"372","ebi-a-GCST90001763","CD20 on transitional B cell",0.00116124092897549,0.0263258124879355,0.964816438891092,-0.0168493066165057,0.0688825716813514,0.806759086367346
"373","ebi-a-GCST90001764","CD24 on CD24+ CD27+ B cell",0.0512057653558533,0.0415807819133893,0.218144614522888,NA,NA,NA
"374","ebi-a-GCST90001765","CD24 on IgD+ CD24+ B cell",0.0142039692812768,0.0261465792532453,0.586961894990969,0.0474996032361588,0.0228926875334668,0.0379975616618085
"375","ebi-a-GCST90001766","CD24 on IgD+ CD38- B cell",0.00893588249711887,0.03022508666638,0.767501538779501,0.0231622251383689,0.0475572833754018,0.626231089729445
"376","ebi-a-GCST90001767","CD24 on IgD+ CD38- unswitched memory B cell",0.0631379204414146,0.0368793900491202,0.0868946463042566,0.0157569304160772,0.0366494257383945,0.66724174240031
"377","ebi-a-GCST90001768","CD24 on IgD+ CD38+ B cell",-0.00664945434705736,0.0262346313978113,0.799912040857897,-0.0189057543521279,0.0322253974380984,0.557423683118948
"378","ebi-a-GCST90001769","CD24 on IgD- CD38- B cell",0.0226082122213605,0.0296609263185076,0.445927484819272,0.0177780237233814,0.0303675723785555,0.558260042294589
"379","ebi-a-GCST90001770","CD24 on IgD- CD38dim B cell",0.0752967561167849,0.0420410736595658,0.073288740647969,-0.056093574400933,0.0586648321959671,0.338986166188016
"380","ebi-a-GCST90001771","CD24 on memory B cell",0.0196966164117334,0.0262134460117212,0.452415793870888,0.0156385548660158,0.0290072676511958,0.589800328299027
"381","ebi-a-GCST90001772","CD24 on unswitched memory B cell",0.0277894769222343,0.0262775851242542,0.290267299980855,0.0140178863184991,0.0243272109201258,0.564464798181637
"382","ebi-a-GCST90001773","CD24 on switched memory B cell",0.0341744350384373,0.0265392576186066,0.197852604844755,-0.012240069119552,0.0263111939208183,0.641785470771055
"383","ebi-a-GCST90001774","CD24 on transitional B cell",0.00445289711343296,0.0260572067173861,0.864310831464218,-0.00237770570802306,0.0512643363309554,0.963006354196784
"384","ebi-a-GCST90001775","CD25 on B cell",0.0063521302256619,0.0264556758546471,0.810249146048941,0.00755460813627488,0.0262862522000201,0.773807830463775
"385","ebi-a-GCST90001776","CD25 on CD20- CD38- B cell",-0.00421561864161092,0.0285878556980908,0.88276747451943,-0.0214261822358686,0.0362974332053485,0.554993095882376
"386","ebi-a-GCST90001777","CD25 on CD24+ CD27+ B cell",0.00695172377525017,0.0259176196323699,0.788527016131873,0.0534310869730928,0.0352160909901967,0.12920735424483
"387","ebi-a-GCST90001778","CD25 on IgD+ CD24+ B cell",0.0174573358223318,0.0260857263021996,0.503349133614523,0.0283440441566913,0.0378382151550752,0.45380589953712
"388","ebi-a-GCST90001779","CD25 on IgD+ CD24- B cell",-0.00550121324530681,0.0263567080843145,0.834665607850386,0.0194258857571032,0.0185138258238462,0.294056758808755
"389","ebi-a-GCST90001780","CD25 on IgD+ CD38- B cell",0.00813159051578975,0.0262244327223071,0.756502486561933,-0.0117155797051826,0.0386132049309884,0.761578467759694
"390","ebi-a-GCST90001781","CD25 on IgD+ CD38- naive B cell",0.00731017019583214,0.036245994310381,0.84016521518347,-0.0358278611801606,0.039322591158807,0.362228640387292
"391","ebi-a-GCST90001782","CD25 on IgD+ CD38- unswitched memory B cell",0.0228674652694507,0.0352140409656178,0.51608964367176,0.0109396492864962,0.0158563036067928,0.490241788785588
"392","ebi-a-GCST90001783","CD25 on IgD+ CD38+ B cell",0.042940109848327,0.0260207642041065,0.0988969706542635,0.0317661649602813,0.0730804646900256,0.663799201841674
"393","ebi-a-GCST90001784","CD25 on IgD+ CD38dim B cell",-0.00677316078198641,0.0265181411007937,0.79840171952632,0.00994969312654694,0.0266758984209443,0.70916007800311
"394","ebi-a-GCST90001785","CD25 on IgD- CD24- B cell",-0.0155170154079789,0.0263355857985472,0.555724869383249,0.0107958116902387,0.0371830730557695,0.771554530524446
"395","ebi-a-GCST90001786","CD25 on IgD- CD27- B cell",-0.000557475106891261,0.0261172631833762,0.982970382314815,0.0912090500288425,0.0502505560477927,0.0695107883287649
"396","ebi-a-GCST90001787","CD25 on IgD- CD38- B cell",0.0213218674343921,0.0283242295684851,0.451583105265017,0.0342756692850516,0.0281251060386073,0.222963443500034
"397","ebi-a-GCST90001788","CD25 on IgD- CD38+ B cell",0.00314504970467113,0.026981553990626,0.907206393972362,0.0828899732205608,0.0603452198737849,0.169567033471299
"398","ebi-a-GCST90001789","CD25 on IgD- CD38dim B cell",0.00753470433005416,0.0257670192783893,0.76996811288535,0.0213564857479647,0.0411956198903607,0.604167761341421
"399","ebi-a-GCST90001790","CD25 on memory B cell",0.00844555048516408,0.0259553800179038,0.744887981870941,0.0527924110056624,0.0395488564163369,0.181920313087795
"400","ebi-a-GCST90001791","CD25 on naive-mature B cell",0.00706407862938088,0.0265620480641663,0.790280559837505,0.0624892491493022,0.0480368500375813,0.193306148956557
"401","ebi-a-GCST90001792","CD25 on unswitched memory B cell",0.00817531020275531,0.0259761387875656,0.752971340111428,0.0253358650180976,0.0391757018828899,0.517810613892223
"402","ebi-a-GCST90001793","CD25 on switched memory B cell",0.0161686786371863,0.0261490881602402,0.536360024090797,0.0456856342913142,0.050878674470812,0.369221338371233
"403","ebi-a-GCST90001794","CD25 on IgD+ B cell",-0.00338681862722653,0.0264501504622306,0.898113088665825,-0.00759030047858743,0.0213508293849787,0.722212216198046
"404","ebi-a-GCST90001795","CD25 on transitional B cell",0.0268268438694838,0.0261453498793192,0.304860668129219,0.125003342581946,0.0793231721655281,0.115054791799862
"405","ebi-a-GCST90001796","CD27 on CD20- B cell",-0.00758074628452931,0.0277367222474915,0.784614299175325,0.00564770667634889,0.0735952210059745,0.938830281160741
"406","ebi-a-GCST90001797","CD27 on CD20- CD38- B cell",-0.0205835763173635,0.0256754815528486,0.422736819843776,0.0425725904656518,0.0405383538471702,0.293635113282363
"407","ebi-a-GCST90001798","CD27 on CD24+ CD27+ B cell",0.0482723444007353,0.026227825214816,0.0656946847870564,-0.0250862772113087,0.0283956496023252,0.376990512436937
"408","ebi-a-GCST90001799","CD27 on T cell",-0.0140632407563654,0.0395106136075957,0.721888665625939,-0.0468843988109184,0.0411789090828309,0.25488935397786
"409","ebi-a-GCST90001800","CD27 on IgD+ CD24+ B cell",0.0270035705439111,0.0321051220814302,0.400292746315928,0.0142832232622443,0.0329166774918851,0.664346126190567
"410","ebi-a-GCST90001801","CD27 on IgD+ CD38- unswitched memory B cell",0.0420178852698649,0.0363981150975577,0.248337327508269,-0.00202258705164899,0.0303105631161433,0.946797618201968
"411","ebi-a-GCST90001802","CD27 on IgD- CD38- B cell",0.0308645809999036,0.0284123361644099,0.277342236287859,-0.00260259148203608,0.0320726219446024,0.935325186442553
"412","ebi-a-GCST90001803","CD27 on IgD- CD38+ B cell",0.0386105288360682,0.028519234772331,0.175786891671661,0.0237243388881154,0.0818689331000207,0.771981190225922
"413","ebi-a-GCST90001804","CD27 on IgD- CD38dim B cell",0.0373156188578023,0.0280431614247364,0.183304365306863,-0.034902612079089,0.028878140811126,0.226810019972223
"414","ebi-a-GCST90001805","CD27 on memory B cell",0.0481798507077449,0.0285498460642525,0.0914938896796875,-0.0250490252371597,0.0307978690748799,0.416025263560659
"415","ebi-a-GCST90001806","CD27 on unswitched memory B cell",0.0188097635764842,0.0264709159325261,0.477343132188506,0.00824123959969049,0.0337698628365322,0.807198871255443
"416","ebi-a-GCST90001807","CD27 on Plasma Blast-Plasma Cell",-0.00245930261240841,0.0259062751015781,0.924369816897544,-0.0156563774906609,0.076396621013756,0.83762254167483
"417","ebi-a-GCST90001808","CD27 on switched memory B cell",0.0312617189320101,0.0264365594188278,0.237000054219314,-0.0181319264787459,0.0277135434234861,0.512942834356842
"418","ebi-a-GCST90001809","CD38 on CD20- B cell",-0.00719995393906417,0.0265343526867127,0.786125988778436,-0.0034551443322833,0.0695211554594948,0.960362110912823
"419","ebi-a-GCST90001810","CD38 on CD3- CD19-",-0.0534525094847177,0.0358052227836239,0.135471463999459,-0.061653829995382,0.0476388894291072,0.195599396413135
"420","ebi-a-GCST90001811","CD38 on IgD+ CD24- B cell",0.0238380878163163,0.0300429984573666,0.427506564687584,-0.0555983550399666,0.0577061759598355,0.335310098205491
"421","ebi-a-GCST90001812","CD38 on IgD+ CD38+ B cell",0.00656078568417065,0.0262123338445564,0.802360120134547,-0.0319539559703304,0.0576769148076239,0.57956763075177
"422","ebi-a-GCST90001813","CD38 on IgD+ CD38dim B cell",0.0157318119547333,0.0283514442251074,0.578972819975394,-0.0407171540763713,0.0360079431048429,0.258146622191141
"423","ebi-a-GCST90001814","CD38 on IgD- CD38+ B cell",0.00259631623062333,0.0298609982424708,0.930713852867059,-0.0121507088906285,0.0161070954118123,0.450627105501901
"424","ebi-a-GCST90001815","CD38 on IgD- CD38dim B cell",0.0113291516468865,0.0258549241442356,0.661254656467768,0.0272279136497948,0.0239573147321534,0.255739937447593
"425","ebi-a-GCST90001816","CD38 on naive-mature B cell",0.0239884652956271,0.0274558315216831,0.382275593872413,-0.0227736181430909,0.0407463072982633,0.576221477165673
"426","ebi-a-GCST90001817","CD38 on Plasma Blast-Plasma Cell",-0.00958468936095213,0.0252983290677656,0.70478700289677,-0.024595128704239,0.08357764924469,0.768544885789488
"427","ebi-a-GCST90001818","CD38 on IgD+ B cell",0.0267691222482907,0.0290431083741555,0.356683477040362,-0.00428941302082742,0.0733484983291737,0.953366370683839
"428","ebi-a-GCST90001819","CD38 on transitional B cell",-0.0038581782455705,0.0261934219101149,0.882898631488851,-0.0488215672887518,0.0326790045647181,0.135182542079601
"429","ebi-a-GCST90001820","IgD on IgD+ CD24+ B cell",-0.0568029256019394,0.0300651345660251,0.0588477803768549,-0.022410043129055,0.0409195639702188,0.583924799792843
"430","ebi-a-GCST90001821","IgD on IgD+ CD24- B cell",-0.0159602889850893,0.0295826345323459,0.58953122520014,0.0698542039579569,0.0436764613679938,0.109741556559166
"431","ebi-a-GCST90001822","IgD on IgD+ CD38-  B cell",-0.0517559142446993,0.0265814738069299,0.0515266856229648,-0.00644730683327603,0.0490915934017426,0.895512522560477
"432","ebi-a-GCST90001823","IgD on IgD+ CD38- unswitched memory B cell",-0.0318152852513918,0.0409251055419911,0.436921253065396,-0.0216715561776779,0.0631506434030972,0.731468786938275
"433","ebi-a-GCST90001824","IgD on IgD+ CD38+ B cell",0.00905422478961903,0.0293564838930091,0.757760224888451,0.00519234592792606,0.0512097291014106,0.919237906087832
"434","ebi-a-GCST90001825","IgD on IgD+ CD38dim B cell",-0.0162997038500637,0.031177752231355,0.601113998047704,0.043613332963294,0.0273661698252651,0.111004324192204
"435","ebi-a-GCST90001826","IgD on unswitched memory B cell",-0.0653519417809639,0.031696192228911,0.0392245795840491,-0.0327391082071004,0.0620602862182504,0.59782060632821
"436","ebi-a-GCST90001827","IgD on IgD+ B cell",-0.0264939456532083,0.0299568469613987,0.376478337875459,0.0894683578263303,0.0724965611206625,0.217163835802417
"437","ebi-a-GCST90001828","IgD on transitional B cell",-0.0107870786299846,0.03197823405939,0.735871424813512,0.072512033526053,0.0394944415953517,0.0663567625712539
"438","ebi-a-GCST90001829","BAFF-R on B cell",0.0105873913473083,0.0310770555598778,0.733343041574681,-0.00906535779793311,0.0231538869792235,0.69540818550978
"439","ebi-a-GCST90001830","BAFF-R on CD20- B cell",-0.0262495390206287,0.0279677405500888,0.347954191942354,0.0291868747318118,0.0503272730086032,0.561954061387113
"440","ebi-a-GCST90001831","CD62L on CD62L+ myeloid Dendritic Cell",-0.0235271940608892,0.035832827119697,0.51144964041236,-0.0295152807458171,0.0551177720155276,0.592307746825188
"441","ebi-a-GCST90001832","CD62L on CD62L+ plasmacytoid Dendritic Cell",-0.030971433841477,0.0299997576764177,0.301889704178567,0.0642246473421024,0.0556493658928088,0.248461278952731
"442","ebi-a-GCST90001833","CD62L on CD62L+ Dendritic Cell",-0.0293926933854103,0.0328253860769617,0.370559582424246,0.0221584949239581,0.0437078549655692,0.612177093339737
"443","ebi-a-GCST90001834","CD62L on monocyte",-0.00383870050768317,0.0322263372717517,0.905182763599054,0.0125853140309256,0.0385868124122209,0.744306454229807
"444","ebi-a-GCST90001835","CD62L on granulocyte",-0.0546745508338168,0.031818276184983,0.0857349947551051,0.014276306189099,0.0478125163856681,0.765253424348101
"445","ebi-a-GCST90001836","CD66b on CD66b++ myeloid cell",-0.0272865253807744,0.0396418082983829,0.491246908073501,-0.0166503789702383,0.026197571891239,0.525057021804989
"446","ebi-a-GCST90001837","CD66b on Granulocytic Myeloid-Derived Suppressor Cells",-0.0361462679841034,0.0430660361577478,0.401288688073242,-0.00696925174563544,0.0345817648052184,0.840284429833619
"447","ebi-a-GCST90001838","CD3 on naive CD8+ T cell",-0.00685483974565844,0.0292800464886993,0.814897247923102,0.0164069210553073,0.027016981921661,0.543663923219883
"448","ebi-a-GCST90001839","CD3 on Effector Memory CD8+ T cell",0.00197821330963968,0.0310372088030832,0.949179778036416,0.0768826113420503,0.0486190525437748,0.113803332240212
"449","ebi-a-GCST90001840","CD3 on Terminally Differentiated CD8+ T cell",0.0136531514612865,0.0315928814958995,0.665625777956922,0.00452371992138596,0.0505125145975022,0.928639717792705
"450","ebi-a-GCST90001841","CD3 on Central Memory CD4+ T cell",-0.00192551666467719,0.0300006164544452,0.948824855926964,0.030533087165921,0.0262738771271324,0.245191530766332
"451","ebi-a-GCST90001842","CD3 on Naive CD4+ T cell",-0.00986235617539552,0.0306396214546332,0.747541755156339,0.0231545534433411,0.0228206538075807,0.310281533882762
"452","ebi-a-GCST90001843","CD3 on Effector Memory CD4+ T cell",-0.0146120028307416,0.0292072843519436,0.616873532800156,0.0157854550419954,0.0302854200905365,0.602211490509605
"453","ebi-a-GCST90001844","CD3 on Terminally Differentiated CD4+ T cell",-0.0134173898852792,0.0298652388380488,0.65324090473056,-0.016816419962745,0.035208564329285,0.63291856086558
"454","ebi-a-GCST90001845","CD3 on CD45RA- CD4+ T cell",-0.00897563804147713,0.0290289860378411,0.757172654619264,0.0498899705870442,0.0324541134374123,0.124232970076282
"455","ebi-a-GCST90001846","CD3 on Central Memory CD8+ T cell",-0.026120224850314,0.0283530215496242,0.356919850106127,0.0170231216323209,0.040055748585824,0.670847075934316
"456","ebi-a-GCST90001847","CD3 on HLA DR+ T cell",-0.00812190109495002,0.0295799484350764,0.783643119550495,0.0198187819353017,0.041279534262767,0.631148062807732
"457","ebi-a-GCST90001848","CD3 on Natural Killer T",-0.0237051924102676,0.0302396707688288,0.433092686864555,-0.0524328111004211,0.0502829877704236,0.297062015507342
"458","ebi-a-GCST90001849","CD3 on HLA DR+ CD4+ T cell",-0.0133006765587581,0.030409858171384,0.661835481110756,0.0303637853630918,0.0460776161043343,0.509914773060814
"459","ebi-a-GCST90001850","CD3 on HLA DR+ CD8+ T cell",0.0105481768158104,0.0340434868836181,0.756679440940006,0.0264449893537617,0.0429360625074283,0.537950245733589
"460","ebi-a-GCST90001851","CD3 on T cell",-0.0224419952868141,0.0287921874219574,0.435716218127669,-0.00519024272936841,0.0238849293955531,0.827973005024795
"461","ebi-a-GCST90001852","CD3 on CD39+ resting CD4 regulatory T cell",0.0239756113059845,0.0295316344772226,0.416870831384456,0.0156191664201496,0.0408089698594791,0.701913619626586
"462","ebi-a-GCST90001853","CD3 on activated CD4 regulatory T cell",-0.0217397761780791,0.0290216397638133,0.453803874630165,0.0509443234803761,0.0367164207452583,0.165286946883084
"463","ebi-a-GCST90001854","CD3 on CD39+ activated CD4 regulatory T cell",-0.0266033626119659,0.0287739019319678,0.355191864757448,0.0338440056072758,0.0327161335584117,0.300914396126747
"464","ebi-a-GCST90001855","CD3 on secreting CD4 regulatory T cell",-0.00778972286605615,0.0291614108291358,0.78937342122097,0.0621834062954883,0.0296200366072911,0.0357843267382376
"465","ebi-a-GCST90001856","CD3 on CD39+ secreting CD4 regulatory T cell",-0.00519691388879354,0.0289875553608125,0.857717173941077,0.0357146406018597,0.030213492762588,0.23717559976307
"466","ebi-a-GCST90001857","CD3 on activated & secreting CD4 regulatory T cell",-0.0184094138137887,0.029101060136112,0.526993020255726,0.0408870669484378,0.0294281163536636,0.164714846635215
"467","ebi-a-GCST90001858","CD3 on CD45RA+ CD4+ T cell",-0.0106733249317986,0.031794310812301,0.737097703759876,0.0358859282675777,0.0243138568612941,0.139958516381808
"468","ebi-a-GCST90001859","CD3 on CD8+ T cell",-0.0204331689750101,0.0288445363792164,0.478703362237254,0.0179641404605312,0.0286419538428352,0.530530271132047
"469","ebi-a-GCST90001860","CD3 on CD39+ CD4+ T cell",-0.0243108539703071,0.029116695818772,0.403748398234418,-0.0189149381199489,0.0341464723925673,0.579623091689393
"470","ebi-a-GCST90001861","CD3 on CD28+ CD4+ T cell",-0.0309055857116071,0.0294369542881093,0.293768349623665,0.0057165359651323,0.0331223553251847,0.862974931239943
"471","ebi-a-GCST90001862","CD3 on CD28+ CD4-CD8- T cell",0.000269895912666175,0.0333816466999234,0.993549046950437,0.00683123093566671,0.0412098093170663,0.868340231503224
"472","ebi-a-GCST90001863","CD3 on CD28+ CD45RA- CD8+ T cell",-0.0187053192063446,0.0284926916736935,0.511505467201917,0.0408781515694573,0.0407773208512733,0.316115337768575
"473","ebi-a-GCST90001864","CD3 on CD28+ CD45RA+ CD8+ T cell",-0.0197554767240503,0.0289592302723423,0.495123632732932,-0.000931310442561402,0.030150083765572,0.97535794330123
"474","ebi-a-GCST90001865","CD3 on CD28- CD8+ T cell",0.00826012733085018,0.0291026808438521,0.776542942688628,0.00965383272344843,0.0474552673273863,0.838798826739375
"475","ebi-a-GCST90001866","CD3 on CD39+ CD8+ T cell",-0.0035927111171111,0.0329705830180915,0.91322852996842,0.0195324157849447,0.0496997964284548,0.694313599591827
"476","ebi-a-GCST90001867","CD3 on CD4+ T cell",-0.0323972274986016,0.0296075462243789,0.273857638926579,-0.00704120520083676,0.0451561490687839,0.876088077917077
"477","ebi-a-GCST90001868","CD3 on CD4 regulatory T cell",-0.0171631491668967,0.0591564675855781,0.771715709422312,0.0258118950561391,0.0320216354240052,0.420198610159837
"478","ebi-a-GCST90001869","CD3 on resting CD4 regulatory T cell",-0.00978565712065844,0.0324663397846954,0.763102394744395,0.0306969683659713,0.027609084805994,0.266205649217631
"479","ebi-a-GCST90001870","CD34 on Hematopoietic Stem Cell",0.0182890331614263,0.0379315072032471,0.629692708208709,0.0262092153899537,0.0305611387402758,0.391113685826076
"480","ebi-a-GCST90001871","HVEM on T cell",0.00184285261060876,0.0538067231717207,0.972678205564912,-0.00238034098008248,0.0296506226710947,0.936014859819926
"481","ebi-a-GCST90001872","HVEM on naive CD8+ T cell",1.69013418672029e-05,0.0439763392869501,0.999693350569434,0.0269085653989935,0.0167245040968694,0.107631530794968
"482","ebi-a-GCST90001873","HVEM on Effector Memory CD8+ T cell",0.00274653008145393,0.0599280836029746,0.963445401450251,0.0622240949019988,0.0600019135894121,0.299719464816209
"483","ebi-a-GCST90001874","HVEM on Terminally Differentiated CD8+ T cell",0.00289865183169281,0.0543241785827092,0.957446341433896,-0.0241246104157578,0.0244775198262041,0.324338124667229
"484","ebi-a-GCST90001875","HVEM on CD4+ T cell",0.0389839377176401,0.0520802196871635,0.454136706139915,0.0119153563333723,0.0362351018370521,0.742280685828956
"485","ebi-a-GCST90001876","HVEM on Central Memory CD4+ T cell",0.030168772106257,0.0491593534393899,0.53941793235216,0.0217274655759189,0.0161423378123987,0.178304936390728
"486","ebi-a-GCST90001877","HVEM on naive CD4+ T cell",0.0249936538789107,0.050928364002934,0.623595510285837,0.0207623349241047,0.0197257784300664,0.292548054126552
"487","ebi-a-GCST90001878","HVEM on Effector Memory CD4+ T cell",0.028845491220288,0.0503808423138399,0.56695022949314,0.0292642842857192,0.0183608381357152,0.11097131422275
"488","ebi-a-GCST90001879","HVEM on Terminally Differentiated CD4+ T cell",-0.00841042655586932,0.0534960071582783,0.87507464405633,0.018955252092901,0.0426180608861932,0.6564856856372
"489","ebi-a-GCST90001880","HVEM on CD45RA- CD4+ T cell",0.0308586255267783,0.0520314042551452,0.553129668612767,0.0190905488853677,0.016603391552719,0.250227017536086
"490","ebi-a-GCST90001881","HVEM on CD8+ T cell",0.0131312085044568,0.0553019028792932,0.812310907022053,-0.0563365197715474,0.040960089635233,0.169007374526802
"491","ebi-a-GCST90001882","HVEM on Central Memory CD8+ T cell",0.0406842774116664,0.0518571053467978,0.432719882479931,0.031411610032682,0.0198746617062452,0.113995778047553
"492","ebi-a-GCST90001883","CD16-CD56 on Natural Killer T",0.0139756570925151,0.0285223705350021,0.62414145258318,0.0130479114210944,0.0336591325140328,0.698276189988847
"493","ebi-a-GCST90001884","CD16-CD56 on Natural Killer",-0.000711929284640666,0.030477896789531,0.9813640115746,0.0146896685101337,0.0245775068199991,0.550048470233811
"494","ebi-a-GCST90001885","CD16-CD56 on HLA DR+ Natural Killer",0.000365016828960126,0.0348657570144687,0.991646933923994,0.00598475759435799,0.0316568951336317,0.85005309494453
"495","ebi-a-GCST90001886","CD28 on CD39+ activated CD4 regulatory T cell",-0.00732709568282892,0.0278487373881751,0.792470933510004,-0.000487860757417502,0.0330723755090124,0.988230586901345
"496","ebi-a-GCST90001887","CD28 on secreting CD4 regulatory T cell",0.0236073111626289,0.028767496429564,0.411860211910344,0.0230310852462424,0.0297274762887958,0.438492906855649
"497","ebi-a-GCST90001888","CD28 on CD39+ secreting CD4 regulatory T cell",0.00627817494510423,0.0284364221672375,0.825264239249782,-0.0150884213950329,0.0393133106979711,0.701127201865601
"498","ebi-a-GCST90001889","CD28 on activated & secreting CD4 regulatory T cell",0.00904141098244892,0.0281224862231713,0.747830659207168,0.0422012514634039,0.0481836174904692,0.381115758362711
"499","ebi-a-GCST90001890","CD28 on CD45RA+ CD4+ T cell",0.00504559893845137,0.0293348668863151,0.86343747984734,0.0532958840214942,0.0413620833660038,0.197564907434122
"500","ebi-a-GCST90001891","CD28 on CD45RA- CD4 not regulatory T cell",0.0326866910121749,0.0289320947093767,0.258572010707175,0.00716333775083744,0.0621327715103737,0.908214619849602
"501","ebi-a-GCST90001892","CD28 on CD39+ CD4+ T cell",0.0132359910948894,0.0289492168496918,0.647517140668772,-0.0126779316113074,0.0256865324389831,0.621614572798815
"502","ebi-a-GCST90001893","CD28 on CD28+ CD45RA- CD8+ T cell",0.0215448263111986,0.0335448358271091,0.520698187404658,0.00722632739584074,0.0621789483897028,0.907479588300532
"503","ebi-a-GCST90001894","CD28 on CD28+ CD4+ T cell",0.0435648050714177,0.0289883590241152,0.132880845780844,0.0531504429159935,0.0310473477764584,0.0869122001054433
"504","ebi-a-GCST90001895","CD28 on CD28+ CD4-CD8- T cell",0.195984753624325,0.114498040730594,0.086954452923879,NA,NA,NA
"505","ebi-a-GCST90001896","CD28 on CD28+ CD45RA+ CD8+ T cell",0.0187756321440327,0.0294953160790331,0.52440941627471,0.0375427021138582,0.0347699754555648,0.280255813592999
"506","ebi-a-GCST90001897","CD28 on CD39+ CD8+ T cell",0.0396963727251966,0.0286594299532044,0.16601979787616,0.0203785858784759,0.0269618186140364,0.449750359810917
"507","ebi-a-GCST90001898","CD28 on CD4+ T cell",0.0407967614665736,0.0290066292621367,0.15958657511848,0.0468362989984999,0.0312404958485364,0.133817208972488
"508","ebi-a-GCST90001899","CD28 on CD4 regulatory T cell",0.00907689076380328,0.0273974050958788,0.740414294981735,0.016155524131263,0.0332079864759419,0.626616148113583
"509","ebi-a-GCST90001900","CD28 on resting CD4 regulatory T cell",0.107769031876972,0.0488950367706663,0.0275180580207607,0.0533346834736912,0.0546683762792355,0.329260769653241
"510","ebi-a-GCST90001901","CD28 on CD39+ resting CD4 regulatory T cell",0.0523342068777296,0.0320640072686327,0.10264173367146,0.0317617768249064,0.0249379076002836,0.202793017208743
"511","ebi-a-GCST90001902","CD28 on activated CD4 regulatory T cell",0.00111827091931946,0.0276918405507308,0.967788033052953,0.0637327296906354,0.0492684101081617,0.195809834772023
"512","ebi-a-GCST90001903","CD86 on myeloid Dendritic Cell",-0.0139261752623978,0.0325062180124705,0.668348471228023,-0.0200937833859541,0.0436409199805411,0.645204405362737
"513","ebi-a-GCST90001904","CD86 on CD62L+ myeloid Dendritic Cell",-0.0375416863213795,0.0292367799319748,0.199122079185653,0.0652412938851779,0.03938584270891,0.0976275642844224
"514","ebi-a-GCST90001905","CD86 on monocyte",-0.0379244002504384,0.0292635074942177,0.194988499890798,0.0482612811171268,0.0527170199941396,0.359940656306808
"515","ebi-a-GCST90001906","CD86 on granulocyte",-0.000497702334633067,0.032271194332337,0.987695117110738,0.0735431516312199,0.0514003960826794,0.152490527504441
"516","ebi-a-GCST90001907","CCR7 on naive CD4+ T cell",-0.0698232856257102,0.0292003136263405,0.0167941920760253,-0.0121003835643569,0.0216513121485183,0.576246827824664
"517","ebi-a-GCST90001908","CCR7 on naive CD8+ T cell",-0.0856050987387242,0.034896342840025,0.014162102923443,0.0014277447316679,0.0461488855997067,0.975319148815167
"518","ebi-a-GCST90001909","CD45 on CD14+ monocyte",-0.0211075665139894,0.0283614517262362,0.456734711960203,-0.0527322105580393,0.0558457577154263,0.345043247144988
"519","ebi-a-GCST90001910","CD45 on B cell",-0.0295156229940039,0.0356357792577714,0.407524343711126,-0.000963028085483314,0.0306135370528952,0.974904613970686
"520","ebi-a-GCST90001911","CD45 on Natural Killer",0.0311872573919495,0.0286287419892949,0.275991298363701,0.0447886176064224,0.0357506297661323,0.210276173658558
"521","ebi-a-GCST90001912","CD45 on HLA DR+ Natural Killer",0.00215999471799541,0.0286510973238942,0.939904735015199,0.00573221913371887,0.0987361524710072,0.953704078096811
"522","ebi-a-GCST90001913","CD45 on granulocyte",0.0293639814161378,0.0306579280008583,0.338166613661912,0.105862588215022,0.0593207320001989,0.0743294779914267
"523","ebi-a-GCST90001914","CD45 on lymphocyte",0.0386374834763968,0.0279773569658825,0.16727067975829,0.0589279172246024,0.0374929815527105,0.1160189161476
"524","ebi-a-GCST90001915","CD45 on T cell",0.0349086328742382,0.0275898819031479,0.205774777694357,0.0413852683235892,0.0395340444305224,0.295179804681258
"525","ebi-a-GCST90001916","CD45 on CD4+ T cell",0.0340483848483505,0.0278047346635169,0.220743501171269,0.0252543773651727,0.0599214236920695,0.673420503851923
"526","ebi-a-GCST90001917","CD45 on CD8+ T cell",0.0273936318143419,0.026012196047835,0.292291848049242,0.0248007045466482,0.0226361183363554,0.273242773501569
"527","ebi-a-GCST90001918","CD45 on HLA DR+ T cell",0.012982324358902,0.028557163144583,0.649391038059343,0.0245238698426246,0.033361328281087,0.462279371534568
"528","ebi-a-GCST90001919","CD45 on Natural Killer T",0.0382350826386197,0.0286028527256022,0.181301752017926,-0.00682484188589986,0.0439456261902683,0.876583270414633
"529","ebi-a-GCST90001920","CD45 on HLA DR+ CD4+ T cell",-0.00507678897472882,0.0322738944225852,0.87500584700689,0.00425428364260183,0.0316295271696064,0.893004405267942
"530","ebi-a-GCST90001921","CD45 on HLA DR+ CD8+ T cell",0.014182209850021,0.028604724960386,0.620035840260779,0.0254160392983082,0.0328441196671632,0.439026391971307
"531","ebi-a-GCST90001922","CD127 on T cell",-0.0168842335239649,0.0315419930614036,0.592446708583307,-0.0626927391085916,0.0632271837999943,0.321418440897194
"532","ebi-a-GCST90001923","CD127 on CD45RA- CD4 not regulatory T cell",0.0249991786434151,0.0293639597133961,0.394571713563471,0.00433928472315471,0.0648182669836152,0.946625171180578
"533","ebi-a-GCST90001924","CD127 on CD28+ CD4+ T cell",0.0216913199379494,0.0306482740595811,0.479100440848414,0.011482167928076,0.0305176063702798,0.706733031463585
"534","ebi-a-GCST90001925","CD127 on CD28+ CD4-CD8- T cell",-0.0285228164778792,0.0280630846738901,0.309447473938763,-0.0164540584940354,0.0846853434572687,0.845943793883886
"535","ebi-a-GCST90001926","CD127 on granulocyte",-0.0139278780765204,0.0295346626756696,0.637228494054727,0.037930539346586,0.0399926534490362,0.342906686157881
"536","ebi-a-GCST90001927","CD127 on CD8+ T cell",-0.0162499133045727,0.0278880200960247,0.560105799783571,-0.0024293787812391,0.0348744204872576,0.944463671536047
"537","ebi-a-GCST90001928","CD127 on CD28+ CD45RA- CD8+ T cell",-0.00712080253587954,0.0327145700650378,0.827690477737098,-0.0551084971744357,0.0402655437964842,0.171116002500139
"538","ebi-a-GCST90001929","CD127 on CD28+ CD45RA+ CD8+ T cell",-0.0368240114470368,0.029763076242674,0.2159987063457,-0.0297432268764361,0.0621476271395026,0.632230402440293
"539","ebi-a-GCST90001930","CD127 on CD28- CD8+ T cell",0.00644914417796722,0.0295656373047087,0.827328041919758,0.0852889628366847,0.0465185230031949,0.0667370294423559
"540","ebi-a-GCST90001931","CD127 on CD4+ T cell",0.0235862235711407,0.0539282344156319,0.661847989448382,0.148470869951177,0.0993281815010681,0.134979514128408
"541","ebi-a-GCST90001932","CD127 on CD45RA+ CD4+ T cell",0.00229625329151878,0.0289585625021718,0.936798420521172,-0.0257822429529017,0.045553180710857,0.571406574535708
"542","ebi-a-GCST90001933","CD25 on CD45RA- CD4 not regulatory T cell",-0.0032028320839375,0.032070296912298,0.920448238534893,-0.0113005594384717,0.039556145798196,0.775120131648483
"543","ebi-a-GCST90001934","CD25 on CD45RA+ CD4 not regulatory T cell",-0.010868715589744,0.025790710707689,0.673448579159123,0.0351739125801227,0.0412681112693852,0.39403279774928
"544","ebi-a-GCST90001935","CD25 on CD39+ CD4 regulatory T cell",0.0154261212846834,0.0319907341613503,0.629659674314834,0.0107740143826259,0.0905326594626328,0.905269860947476
"545","ebi-a-GCST90001936","CD25 on CD4 regulatory T cell",0.0380610104959767,0.0271012262598904,0.160199240085708,0.00428503180543074,0.0497281021152968,0.93133189801124
"546","ebi-a-GCST90001937","CD25 on resting CD4 regulatory T cell",0.0289576838511525,0.0286601663655345,0.312312849078773,-0.0108392849058244,0.0991318303797016,0.912931136618089
"547","ebi-a-GCST90001938","CD25 on CD39+ resting CD4 regulatory T cell",0.0295546150470855,0.028473904597338,0.299291277212942,0.0281134398113945,0.0630091733579117,0.655467150209818
"548","ebi-a-GCST90001939","CD25 on activated CD4 regulatory T cell",0.0138993340009804,0.0306603884574734,0.650309722261585,0.144102610152153,0.0826474920373626,0.0812321506065349
"549","ebi-a-GCST90001940","CD25 on CD39+ activated CD4 regulatory T cell",0.0201862251846353,0.0303560849911595,0.506062531218671,-0.0310237936309602,0.064910433419804,0.632687415902774
"550","ebi-a-GCST90001941","CD25 on secreting CD4 regulatory T cell",0.0242639068292798,0.0298822967003258,0.416801580066126,0.0251063447834431,0.0381777120057652,0.510783723410315
"551","ebi-a-GCST90001942","CD25 on CD39+ secreting CD4 regulatory T cell",0.0253278979191093,0.0303908517889994,0.404616168695611,0.00983057376322387,0.0289126738086169,0.733849634252605
"552","ebi-a-GCST90001943","CD25 on activated & secreting CD4 regulatory T cell",0.0325246113846945,0.0284232183011442,0.252500371036401,0.00494671071551348,0.0337258757737526,0.883389303878641
"553","ebi-a-GCST90001944","CD123 on plasmacytoid Dendritic Cell",0.0128740871079248,0.0332932487787394,0.698987482915598,0.0377397897124607,0.0433367339443418,0.383836123989388
"554","ebi-a-GCST90001945","CD123 on CD62L+ plasmacytoid Dendritic Cell",0.0124000242185926,0.0334055714677998,0.710491335648387,0.0378561681784003,0.0433201662217953,0.382189374257498
"555","ebi-a-GCST90001946","CD33 on CD14+ monocyte",0.0036385427478243,0.040962593346337,0.92922020538318,0.012688239631806,0.020502225689578,0.536001128521141
"556","ebi-a-GCST90001947","CD33 on CD33+ HLA DR+ CD14dim",-0.0112487756048378,0.0446974979453298,0.801300361960353,0.0125388329971972,0.0204367510843253,0.539517119403907
"557","ebi-a-GCST90001948","CD33 on CD33dim HLA DR+ CD11b+",-0.00640871617529595,0.042596679938263,0.880408749872518,0.0225304951070405,0.0191474847246978,0.239322569880823
"558","ebi-a-GCST90001949","CD33 on CD33dim HLA DR+ CD11b-",0.000994421141520872,0.0426361933963991,0.981392303510984,0.018087175746048,0.0191095508431994,0.343893999147475
"559","ebi-a-GCST90001950","CD33 on Granulocytic Myeloid-Derived Suppressor Cells",-0.0191217079658211,0.0486914728151689,0.694532475202626,-0.00372113671041495,0.0249344218238447,0.88136667571953
"560","ebi-a-GCST90001951","CD33 on CD66b++ myeloid cell",0.0513667623284544,0.0437789562058867,0.240667162143579,0.0103304182229047,0.0219296364792843,0.637589954261221
"561","ebi-a-GCST90001952","CD33 on Monocytic Myeloid-Derived Suppressor Cells",0.00826636244566194,0.0394578953803304,0.834059253604746,0.016251401045434,0.0198966023496237,0.414046861845441
"562","ebi-a-GCST90001953","CD33 on CD33dim HLA DR-",0.00782108847159511,0.040505266635873,0.84688990450305,0.00164014887929957,0.0195258914691456,0.933057490630932
"563","ebi-a-GCST90001954","CD33 on basophil",0.0125417403789818,0.0402103661314857,0.755114118667783,0.00186829615978986,0.0190935133612032,0.922051575042971
"564","ebi-a-GCST90001955","CD33 on Immature Myeloid-Derived Suppressor Cells",0.00590711665459097,0.0401652811392686,0.88307659679376,0.00212011449568362,0.0186967646488536,0.909717621158071
"565","ebi-a-GCST90001956","CD33 on CD33+ HLA DR+",-0.0138842512324235,0.0436254826754139,0.750287634453152,-0.00374135277706665,0.0203338789572601,0.854016578057688
"566","ebi-a-GCST90001957","CD33 on CD33+ HLA DR+ CD14-",-0.0178025536198114,0.0434000865494881,0.681661976872457,-0.00636753566416274,0.0209166860430066,0.760805088339461
"567","ebi-a-GCST90001958","CD4 on monocyte",0.00646979095020338,0.0288114491125849,0.822324503588633,-0.0785664500771727,0.0396247932360988,0.0473942579797262
"568","ebi-a-GCST90001959","CD4 on HLA DR+ CD4+ T cell",-0.0189386975760198,0.028361113622052,0.504280492710544,0.00883725842602136,0.0702757717932923,0.899928919174218
"569","ebi-a-GCST90001960","CD25 on CD4+ T cell",0.0320750185634641,0.0289202543603952,0.26739354117361,-0.0263889515891606,0.0259829017191524,0.309806766245464
"570","ebi-a-GCST90001961","CD25 on CD39+ CD4+ T cell",0.00366138863016484,0.0292102945522592,0.900249770762649,0.0274317693410138,0.0263996608686723,0.298760314246004
"571","ebi-a-GCST90001962","CD25 on CD28+ CD4+ T cell",0.0727758823365423,0.0445298881429375,0.102192639902659,0.0616244837612895,0.111430968672164,0.580244003585379
"572","ebi-a-GCST90001963","FSC-A on myeloid Dendritic Cell",-0.03509188670134,0.0297778397189063,0.238614692220431,-0.0123881978209758,0.0187585286474263,0.508994931955996
"573","ebi-a-GCST90001964","FSC-A on plasmacytoid Dendritic Cell",0.014128975190834,0.0308492905583664,0.646952438587242,0.0058401719705743,0.0461986836502247,0.899404022329616
"574","ebi-a-GCST90001965","FSC-A on monocyte",-0.0411517038057601,0.0293830031075256,0.161355415115569,-0.0179406608644468,0.0225991779144954,0.427274942069625
"575","ebi-a-GCST90001966","FSC-A on granulocyte",-0.0471089224684563,0.0323064256082263,0.144788045382801,0.0603575284124551,0.0516091970734747,0.242197775049769
"576","ebi-a-GCST90001967","FSC-A on CD14+ monocyte",-0.00397733905144094,0.0294656487087653,0.892625921987246,0.0148948127161678,0.0619513216308817,0.809998719585515
"577","ebi-a-GCST90001968","FSC-A on B cell",0.00207449891666912,0.0309806161369732,0.94661259989143,-0.047259215708232,0.086696532173566,0.585677317625888
"578","ebi-a-GCST90001969","FSC-A on Natural Killer",-0.00244262891276806,0.0283200147743525,0.931266908715474,-0.0108161866647908,0.0332894743552994,0.74524683392589
"579","ebi-a-GCST90001970","FSC-A on HLA DR+ Natural Killer",-0.00610440491829848,0.0300173726203901,0.838851786679825,-0.00565168843538749,0.0229959826319178,0.805861433268361
"580","ebi-a-GCST90001971","FSC-A on lymphocyte",0.0111712054811007,0.0260416408517568,0.667941625168315,-0.0296203491822195,0.0328533066484566,0.367272498130343
"581","ebi-a-GCST90001972","FSC-A on T cell",0.0180685605403988,0.026445983957567,0.49446460235277,-0.0356893606495502,0.0334109463532061,0.285433169709489
"582","ebi-a-GCST90001973","FSC-A on CD4+ T cell",0.0204125781640054,0.0269063709431314,0.448060623305484,-0.00225060413196168,0.0340416426393117,0.947287650223333
"583","ebi-a-GCST90001974","FSC-A on CD8+ T cell",0.0122998167591097,0.0249198783761454,0.621606706343555,-0.015921900417817,0.0511696622179859,0.755679757727587
"584","ebi-a-GCST90001975","FSC-A on HLA DR+ T cell",-0.0223197931245181,0.0278336412077856,0.422610884282338,0.00733651803856469,0.0426478199101548,0.86341738044282
"585","ebi-a-GCST90001976","FSC-A on Natural Killer T",-0.0132840701536922,0.0276627946757816,0.631075004916553,-0.0362371228991802,0.0843493739065989,0.667481186936287
"586","ebi-a-GCST90001977","FSC-A on HLA DR+ CD4+ T cell",-0.0264580834351669,0.027549327192233,0.336859241320469,0.0563987936468991,0.0491265451895042,0.25095579313592
"587","ebi-a-GCST90001978","FSC-A on HLA DR+ CD8+ T cell",-0.0367675407186763,0.0278976004310306,0.187521607524203,-0.0208722203695329,0.0301670958495204,0.489008317591702
"588","ebi-a-GCST90001979","CD16 on CD14- CD16+ monocyte",-0.000869059038073521,0.0264441989842779,0.973783135123964,0.00966820494973013,0.0274077319127504,0.724272382916495
"589","ebi-a-GCST90001980","CD40 on CD14+ CD16- monocyte",-0.00379481521097032,0.0264183605127245,0.885782304382547,0.0613375338100066,0.0252609105504817,0.0151756446331407
"590","ebi-a-GCST90001981","CD40 on CD14+ CD16+ monocyte",-0.0350253235245609,0.0264800085289869,0.185932446762926,0.0320992324784282,0.0244359454338744,0.188978443550482
"591","ebi-a-GCST90001982","CCR2 on CD14- CD16+ monocyte",-0.000889143320844365,0.0270867452554625,0.973813526292343,0.0291339523222417,0.0284857608618238,0.306423733124484
"592","ebi-a-GCST90001983","CD14 on CD14+ CD16+ monocyte",-0.0366279225475166,0.0260045390843884,0.158977044826492,-0.00299221020618381,0.0533618248101937,0.955282867654503
"593","ebi-a-GCST90001984","HLA DR on CD14- CD16+ monocyte",-0.00652881644820094,0.0313677953453015,0.835121559103334,-0.00924499578577748,0.0382884299449744,0.809201215793442
"594","ebi-a-GCST90001985","CD40 on monocytes",-0.0209647061039188,0.0266112041471127,0.430804919005836,0.0238154605660239,0.0193797775246703,0.219116035630813
"595","ebi-a-GCST90001986","CD14 on CD14+ CD16- monocyte",-0.0373854631517782,0.0257985864771835,0.147301741108349,0.0101361970598688,0.0470735312993051,0.8295124667177
"596","ebi-a-GCST90001987","CD64 on CD14+ CD16- monocyte",-0.0154526666154669,0.0265017358743285,0.559838571377593,-0.0229158409311167,0.0293076572021156,0.434269659805535
"597","ebi-a-GCST90001988","HLA DR on CD14+ CD16- monocyte",0.0170302308696009,0.0267257974278474,0.523981107702092,-0.0125150886388773,0.0303686146326331,0.680261722969445
"598","ebi-a-GCST90001989","CD40 on CD14- CD16+ monocyte",-0.0452674082489716,0.0266516907232201,0.0894168888055442,0.026217678706719,0.0242038119516174,0.27871765026062
"599","ebi-a-GCST90001990","CD64 on CD14- CD16+ monocyte",-0.0249726120420619,0.026387214605778,0.34394939461167,0.0321005270497381,0.046654160179434,0.491419511866897
"600","ebi-a-GCST90001991","HLA DR on CD14+ monocyte",0.00971620544426471,0.026774811251752,0.716690009356771,-0.00324414279674553,0.032005391147385,0.919262794636133
"601","ebi-a-GCST90001992","CCR2 on CD14+ CD16+ monocyte",0.0213219059670144,0.0272928715772255,0.434669474980755,-0.00341572071238691,0.0147462609929038,0.816823072092453
"602","ebi-a-GCST90001993","PDL-1 on CD14+ CD16- monocyte",-0.0341907493817965,0.0273296115757232,0.210915717726329,0.0118599514104663,0.0486342614784218,0.807339242942261
"603","ebi-a-GCST90001994","CX3CR1 on CD14- CD16-",0.0208328996696317,0.0262232567671536,0.426937204761013,-0.00507517829752086,0.0298207807960843,0.864861253448021
"604","ebi-a-GCST90001995","CX3CR1 on monocyte",-0.000742657398296848,0.0277744645383123,0.978668021867681,-0.0263040224278138,0.0329383765217422,0.424532338250181
"605","ebi-a-GCST90001996","CX3CR1 on CD14+ CD16+ monocyte",-0.0200356033527578,0.0265990198014474,0.451302145037027,-0.0199853192880038,0.02606256480632,0.443188010881072
"606","ebi-a-GCST90001997","CX3CR1 on CD14+ CD16- monocyte",0.0107839058449277,0.0284371952459453,0.704525736964609,-0.028693719441661,0.0303379131395402,0.34424856765795
"607","ebi-a-GCST90001998","PDL-1 on CD14+ CD16+ monocyte",-0.0120196269877647,0.0260923534015874,0.645044661905791,0.0130555038257135,0.0322327353264985,0.685449096027321
"608","ebi-a-GCST90001999","PDL-1 on CD14- CD16+ monocyte",-0.0446923217543484,0.0266478349524167,0.0935138478094417,-0.0402740470400689,0.0517358967197986,0.43630105837311
"609","ebi-a-GCST90002000","PDL-1 on CD14- CD16-",0.0166409902486468,0.0255321235453429,0.514551627494024,-0.0216543633867534,0.0353520521836421,0.540183958963254
"610","ebi-a-GCST90002001","CD64 on CD14- CD16-",-0.0316878740482688,0.0256862593427512,0.217333059589299,-0.000985478331635801,0.0289781629941638,0.972871074989951
"611","ebi-a-GCST90002002","PDL-1 on monocyte",-0.0496324641171524,0.026243018682438,0.0585891746568347,0.0395350417863461,0.0482279933311873,0.412356934486002
"612","ebi-a-GCST90002003","CCR2 on CD14- CD16-",-0.0260022926168054,0.0259641599607289,0.316600281862266,-0.0249740963019211,0.0695916817269136,0.719695251398148
"613","ebi-a-GCST90002004","CCR2 on CD14+ CD16- monocyte",-0.036029031092204,0.0257612413266713,0.161940432553576,-0.0199290680428118,0.0317619315239697,0.530363391403731
"614","ebi-a-GCST90002005","CD16 on CD14+ CD16+ monocyte",-0.0106687238805089,0.0267055117556569,0.689528356510935,0.00184432709461426,0.0339655518941488,0.956696205222593
"615","ebi-a-GCST90002006","CD64 on monocyte",-0.010478035088851,0.0266458756345419,0.694147468375858,-0.0127336863498993,0.0221878518779734,0.566033089254639
"616","ebi-a-GCST90002007","HLA DR on CD14+ CD16+ monocyte",0.0209933033763548,0.030390548328991,0.489701315893004,-0.0260499937266942,0.0161742524561655,0.107270403108927
"617","ebi-a-GCST90002008","CCR2 on monocyte",-0.0246500664332463,0.0260387021890322,0.343806800850576,0.00164947004615563,0.0279807660641359,0.952991822386717
"618","ebi-a-GCST90002009","HLA DR on CD14- CD16-",0.0206995808456254,0.0265201132739327,0.435082596331554,0.00800473338213453,0.00489883090047561,0.102256977929912
"619","ebi-a-GCST90002010","HLA DR on monocyte",0.00635403742603663,0.0266900856471046,0.811828873253447,0.014821323446507,0.0380144854605754,0.696620695600066
"620","ebi-a-GCST90002011","CD64 on CD14+ CD16+ monocyte",-0.0276638268195478,0.0290558322672359,0.341050302070086,-0.0839773434583812,0.0744468391888203,0.259312494322579
"621","ebi-a-GCST90002012","CX3CR1 on CD14- CD16+ monocyte",-0.0187460297757881,0.0260406753486536,0.471601994724278,-0.0107476782636993,0.0319602187109454,0.736657467430766
"622","ebi-a-GCST90002013","CCR2 on myeloid Dendritic Cell",-0.0543173285784507,0.0334855252995765,0.104779010161814,-0.0570199227244074,0.0246773756775102,0.0208541113257294
"623","ebi-a-GCST90002014","CCR2 on CD62L+ myeloid Dendritic Cell",-0.0538921619453889,0.0296285477496015,0.0689225861461729,-0.0390251991818792,0.0381561569044436,0.306413797159628
"624","ebi-a-GCST90002015","CCR2 on plasmacytoid Dendritic Cell",-0.0340234393016309,0.0323437280871173,0.292830228049831,0.00190745857864019,0.0321592103101586,0.952702823250271
"625","ebi-a-GCST90002016","CCR2 on CD62L+ plasmacytoid Dendritic Cell",-0.0355397044848558,0.0322483598692894,0.270434549635224,0.00185070510137559,0.0321187414685969,0.954050742625431
"626","ebi-a-GCST90002017","CCR2 on monocyte",-0.0615091667944196,0.0328356372679435,0.0610346724746013,-0.0208719554928968,0.0450159370408912,0.642893490706191
"627","ebi-a-GCST90002018","CCR2 on granulocyte",-0.043166723847531,0.0331460406203582,0.19280730381298,-0.0443785753785223,0.055513308559938,0.424045599067618
"628","ebi-a-GCST90002019","CD14 on Monocytic Myeloid-Derived Suppressor Cells",-0.051459181723074,0.038410832100455,0.180341289116871,0.000985979684583825,0.0316013520744964,0.975109598286581
"629","ebi-a-GCST90002020","CD14 on CD33+ HLA DR+ CD14dim",-0.0591679679629651,0.0385600314590401,0.124921996252789,-0.0595202643672994,0.0414952966752709,0.15146219728798
"630","ebi-a-GCST90002021","CD14 on CD33dim HLA DR+ CD11b+",-0.0593224733709045,0.0431429361772748,0.169124717806512,-0.0796782175169956,0.0412730011313558,0.0535428493111452
"631","ebi-a-GCST90002022","CD4 on CD4+ T cell",0.00866015890258887,0.0334209929923099,0.795540086820832,-0.0212411929785039,0.0389479170575696,0.58549611275811
"632","ebi-a-GCST90002023","CD4 on Central Memory CD4+ T cell",0.0342734838785976,0.0336989427080021,0.309130008481829,-0.00944114044345136,0.0435823346629334,0.828498505314547
"633","ebi-a-GCST90002024","CD4 on naive CD4+ T cell",-0.00123794931431372,0.0368107088831824,0.97317208715545,0.00460747240719306,0.0432854642173971,0.91523018605185
"634","ebi-a-GCST90002025","CD4 on Effector Memory CD4+ T cell",-0.0138965302658736,0.0331249504207285,0.67483722060081,-0.0367331478080264,0.0446620974921526,0.410810568797342
"635","ebi-a-GCST90002026","CD4 on Terminally Differentiated CD4+ T cell",-0.0485719371295847,0.0288570627805703,0.0923381978353894,-0.0551776068376875,0.0453631594712472,0.223850549307162
"636","ebi-a-GCST90002027","CD4 on CD45RA+ CD4+ T cell",0.0140811536987012,0.0332660102979678,0.672084035902043,-0.0467725997182689,0.0385097691378245,0.224532223390868
"637","ebi-a-GCST90002028","CD19 on B cell",0.0445882811541883,0.0307958509651775,0.147654388363895,-0.0386870522429527,0.050219035961524,0.44108264604593
"638","ebi-a-GCST90002029","CD39 on CD39+ CD8+ T cell",0.00431748177197369,0.0312766675972244,0.890207526700226,-0.021852272504135,0.0429741623650826,0.61110419208031
"639","ebi-a-GCST90002030","CD39 on CD39+ activated CD4 regulatory T cell",-0.0118596433863859,0.028897484575929,0.681509609302276,-0.0168300804317993,0.0359780410117513,0.63993650937223
"640","ebi-a-GCST90002031","CD39 on CD39+ secreting CD4 regulatory T cell",-0.00274073744905298,0.0326049264879842,0.933009524109703,-0.0181652148571941,0.0187332933960941,0.332208287178646
"641","ebi-a-GCST90002032","CD39 on CD39+ CD4+ T cell",-0.00348034806785383,0.0315775629984029,0.912238189332136,0.0112916128968524,0.0208385735402473,0.587914179280223
"642","ebi-a-GCST90002033","CD39 on granulocyte",0.0208685557780999,0.0294026515434655,0.477858677082584,0.024953387670778,0.0303259914850537,0.410599946062255
"643","ebi-a-GCST90002034","CD39 on monocyte",-0.00400682534460611,0.0294924534257597,0.891932477010155,0.0174256720765271,0.0210090063108392,0.406856501350443
"644","ebi-a-GCST90002035","CD80 on myeloid Dendritic Cell",-0.0318917263539507,0.0291907763608175,0.274601303341726,0.0168651642016646,0.0417276363851858,0.686085855420454
"645","ebi-a-GCST90002036","CD80 on CD62L+ myeloid Dendritic Cell",-0.0297026637638008,0.0292445529244452,0.309789023160866,0.0700941896888083,0.0381712387851446,0.0663119680292608
"646","ebi-a-GCST90002037","CD80 on plasmacytoid Dendritic Cell",-0.0165447172578431,0.0314564184785472,0.598918221507898,-0.00465445930558641,0.0442639589809811,0.916254920246585
"647","ebi-a-GCST90002038","CD80 on CD62L+ plasmacytoid Dendritic Cell",-0.0163465152768021,0.0313659544160505,0.602258992404936,-0.004902863762256,0.0469054859241766,0.916751582003392
"648","ebi-a-GCST90002039","CD80 on monocyte",0.00400302852915523,0.0291899617663653,0.890922378549725,-0.022889493911701,0.0382883740795409,0.549961122704319
"649","ebi-a-GCST90002040","CD80 on granulocyte",-0.00869460471879725,0.0295596061395219,0.768652421430403,-0.00670331720733451,0.0337064335127668,0.842361680763257
"650","ebi-a-GCST90002041","CD45 on lymphocyte",0.0136266818098523,0.0379508505635937,0.719549230468145,-0.0625562337931461,0.0382431752810843,0.101892140278891
"651","ebi-a-GCST90002042","CD45 on CD33+ HLA DR+ CD14-",-0.00911605201259609,0.0390424008692365,0.81538010189651,0.0176483081368919,0.0481904984158613,0.714201170167635
"652","ebi-a-GCST90002043","CD45 on CD33+ HLA DR+ CD14dim",-0.0318852661909609,0.0416278348555971,0.443699962979993,0.0724556030553698,0.0456490842201007,0.112460527287878
"653","ebi-a-GCST90002044","CD45 on CD33dim HLA DR+ CD11b-",-0.0653978579880093,0.0435262054148887,0.132969602964038,0.00114505806745161,0.0604739226961577,0.984893165141497
"654","ebi-a-GCST90002045","CD45 on CD33- HLA DR-",-0.015469564394043,0.038335796097911,0.686559893152414,0.0497996366581476,0.0436311529492916,0.253712669391131
"655","ebi-a-GCST90002046","CD45 on CD33- HLA DR+",-0.00216199243136712,0.0381206181758883,0.954772610074756,-0.0147697560534975,0.0182124294675032,0.417382201363681
"656","ebi-a-GCST90002047","CD45 on Granulocytic Myeloid-Derived Suppressor Cells",-0.0597805149315457,0.0434321431336177,0.168694172330823,-0.00499034701893734,0.0525012526756163,0.924273554848523
"657","ebi-a-GCST90002048","CD45 on CD66b++ myelod cell",-0.022471824333787,0.0389171271089303,0.563650616150856,-0.00483361292019824,0.0428936318883509,0.910277631904363
"658","ebi-a-GCST90002049","CD45 on Monocytic Myeloid-Derived Suppressor Cells",-0.0510340303943003,0.0387058003808806,0.187332586175029,-0.015857849556657,0.0506561807097746,0.754243692395266
"659","ebi-a-GCST90002050","CD45 on CD33dim HLA DR-",-0.0700904089217904,0.0393353705546084,0.0747708808120659,0.0240780787989765,0.0533012682950653,0.651459490423791
"660","ebi-a-GCST90002051","CD45 on basophil",-0.0562731047908187,0.0393446848651284,0.152642586931782,0.0601486212477645,0.0426887374421769,0.158833850730526
"661","ebi-a-GCST90002052","CD45 on Immature Myeloid-Derived Suppressor Cells",-0.00175275718858176,0.0413628132535414,0.96619960381658,-0.0519997487256452,0.0388444538597604,0.18067943747135
"662","ebi-a-GCST90002053","CD45 on CD33+ HLA DR+",-0.00490121014448828,0.0389760570833001,0.899930411369632,-0.0133126725328446,0.0327729787172806,0.684589184782475
"663","ebi-a-GCST90002054","CD8 on Central Memory CD8+ T cell",-0.0209370675550361,0.0325267361779236,0.519777816853406,-0.00295062556865843,0.0478557878324808,0.950836295690941
"664","ebi-a-GCST90002055","CD8 on naive CD8+ T cell",-0.00577745737792687,0.031258879513613,0.853365420965701,0.0718247652517844,0.0410194667277898,0.0799472579509566
"665","ebi-a-GCST90002056","CD8 on Effector Memory CD8+ T cell",-0.0348825375370138,0.0291734493673942,0.231815737136193,-0.00918897106451005,0.0326057671884936,0.778081210979419
"666","ebi-a-GCST90002057","CD8 on Terminally Differentiated CD8+ T cell",-0.054842294998459,0.0359777003702769,0.127423472227486,-0.0785548672526758,0.0683407412182237,0.250366840869554
"667","ebi-a-GCST90002058","CD8 on CD8+ T cell",0.00830390290706521,0.032451219120174,0.798036717650546,0.0616154751916792,0.0397607991692558,0.121224622458728
"668","ebi-a-GCST90002059","CD8 on Natural Killer T",0.0187865516875251,0.0288452685428438,0.514861165359138,0.0778038773911118,0.0510791141039717,0.127707839847831
"669","ebi-a-GCST90002060","CD8 on HLA DR+ CD8+ T cell",0.0164215639663661,0.0307255443104612,0.59302355198736,-0.0215535157591166,0.0329402982735135,0.512905276220611
"670","ebi-a-GCST90002061","CD4 on CD39+ CD4+ T cell",-0.01221214335621,0.0294119901818961,0.677988405079597,-0.0113945184792433,0.0269941776058135,0.672944562329676
"671","ebi-a-GCST90002062","CD4 on CD28+ CD4+ T cell",0.0105245266266481,0.0358874604948844,0.769319805846705,0.0296255500618054,0.0472315234016046,0.530501242389886
"672","ebi-a-GCST90002063","CD4 on CD4 regulatory T cell",-0.0124369596594118,0.0342421941207939,0.716451239265705,-0.00870489431149461,0.0252999981209479,0.730795903889782
"673","ebi-a-GCST90002064","CD4 on resting CD4 regulatory T cell",-0.00695751977994019,0.034286055830566,0.839193154345389,0.0118955799947105,0.0664564664186046,0.857939208077752
"674","ebi-a-GCST90002065","CD4 on CD39+ resting CD4 regulatory T cell",0.0575240416766482,0.033176897887215,0.0829432181343341,0.000678149606446355,0.0535556038274304,0.989897030319837
"675","ebi-a-GCST90002066","CD4 on activated CD4 regulatory T cell",-0.0252729063718654,0.0320683486922532,0.43064111939685,-0.0130904641001443,0.0264279419144391,0.620369557613855
"676","ebi-a-GCST90002067","CD4 on CD39+ activated CD4 regulatory T cell",-0.0363728799308117,0.0289592741865964,0.209115575057551,-0.0622036405361904,0.0310305772515479,0.045006704583327
"677","ebi-a-GCST90002068","CD4 on secreting CD4 regulatory T cell",0.00854723748372566,0.0322053395691815,0.790702762555075,0.0164988869470225,0.0338729309742296,0.62620038951526
"678","ebi-a-GCST90002069","CD4 on CD39+ secreting CD4 regulatory T cell",-0.0136334174055647,0.0289485992281315,0.637674600773365,0.00519493418744643,0.0384778495740656,0.892603151771294
"679","ebi-a-GCST90002070","CD4 on activated & secreting CD4 regulatory T cell",-0.0112758430418707,0.0337775105707501,0.738510152217359,-0.00267564921241349,0.0278577343202889,0.923483318485233
"680","ebi-a-GCST90002071","SSC-A on myeloid Dendritic Cell",0.00473215532307997,0.0298068881713711,0.873857600766004,0.0091550202340134,0.0644515515330706,0.887044466113377
"681","ebi-a-GCST90002072","SSC-A on plasmacytoid Dendritic Cell",0.00960767585210853,0.0329752382025177,0.770775761106476,-0.0320134590631454,0.0373374074260729,0.391218444695709
"682","ebi-a-GCST90002073","SSC-A on monocyte",-0.0290474495563154,0.0294762175085046,0.324401230819808,0.0301846192980066,0.028664463528232,0.292325975420245
"683","ebi-a-GCST90002074","SSC-A on CD14+ monocyte",-0.0186237222733524,0.028336157927167,0.51102511572183,0.0131636324705537,0.0332668284522346,0.692327498748393
"684","ebi-a-GCST90002075","SSC-A on B cell",-0.000650484531336938,0.0362421155205956,0.9856800936531,0.0297379543897961,0.0653898364751822,0.649267910100202
"685","ebi-a-GCST90002076","SSC-A on Natural Killer",-0.0180280873809338,0.0287117581483473,0.530070034223476,-0.0011232318880965,0.0386831245800667,0.976835287475377
"686","ebi-a-GCST90002077","SSC-A on HLA DR+ Natural Killer",-0.0425228376552087,0.0342652652615776,0.2146095927214,0.02537522186773,0.03088931880331,0.411368040595674
"687","ebi-a-GCST90002078","SSC-A on granulocyte",-0.0209115599988007,0.0329557040499873,0.525731488741405,0.0283161774464266,0.040325171802952,0.482556891760031
"688","ebi-a-GCST90002079","SSC-A on lymphocyte",0.00135560917358442,0.0266024003882573,0.959358866732573,0.0326603263809403,0.051351067037639,0.524763123361203
"689","ebi-a-GCST90002080","SSC-A on T cell",0.0108305806503635,0.0271907758210213,0.690395652654941,0.0144635657017481,0.0647874712871979,0.823343789463675
"690","ebi-a-GCST90002081","SSC-A on CD4+ T cell",0.016503335557027,0.0275718934398845,0.549468682898588,0.0242091728952375,0.0533220070903447,0.649815575981848
"691","ebi-a-GCST90002082","SSC-A on CD8+ T cell",-0.00100767711904535,0.0252693175081334,0.96819079206654,-0.0517781369409206,0.0404472716838789,0.200496193688256
"692","ebi-a-GCST90002083","SSC-A on HLA DR+ T cell",-0.0467538438268071,0.0299564497157057,0.118588146904376,0.0189023602565933,0.0450543197974362,0.674817134037377
"693","ebi-a-GCST90002084","SSC-A on Natural Killer T",-0.0416037862287634,0.028452927620421,0.14368722559744,0.0337350948620009,0.0330948691561583,0.308039129048383
"694","ebi-a-GCST90002085","SSC-A on HLA DR+ CD4+ T cell",-0.0495903728865282,0.0296892772735885,0.0948575383934733,-0.0136195909682137,0.0423854846172262,0.747962769853867
"695","ebi-a-GCST90002086","SSC-A on HLA DR+ CD8+ T cell",-0.0381696819372719,0.0338462731566737,0.259431164167937,-0.0742382682004103,0.0604343048379384,0.219292078921905
"696","ebi-a-GCST90002087","CD11c on myeloid Dendritic Cell",0.0106859655575073,0.0291709568456719,0.714124756265515,-0.00943195037245725,0.0336730107993948,0.779397593924211
"697","ebi-a-GCST90002088","CD11c on CD62L+ myeloid Dendritic Cell",-9.50891233973856e-06,0.028426527381107,0.999733100913006,-0.0496407156289532,0.0424312368708652,0.242037309636023
"698","ebi-a-GCST90002089","CD11c on monocyte",-0.0270616348232613,0.0294184514188085,0.357632100747093,0.0454381518029757,0.0335336263287351,0.175416719725967
"699","ebi-a-GCST90002090","CD11c on granulocyte",0.0130044863860386,0.029799324633282,0.662545051199814,-0.0518608721138262,0.0501016241316784,0.300615865732866
"700","ebi-a-GCST90002091","CD11b on CD14+ monocyte",-0.0474987071173199,0.0398932375224946,0.233792748234642,0.0288237561484992,0.019173166855986,0.132751827316415
"701","ebi-a-GCST90002092","CD11b on Granulocytic Myeloid-Derived Suppressor Cells",0.00930360872823258,0.0682656262858981,0.891595659009845,0.00647620538189759,0.0315473077370452,0.837349058780351
"702","ebi-a-GCST90002093","CD11b on CD66b++ myeloid cell",0.00474046125870042,0.0389303407366611,0.903082929973351,-0.0438835214311656,0.0706434610935289,0.534469870313948
"703","ebi-a-GCST90002094","CD11b on Monocytic Myeloid-Derived Suppressor Cells",-0.0660995280655609,0.0389297674961388,0.0895233602064621,0.0190393961735986,0.0427953020785465,0.656395969588478
"704","ebi-a-GCST90002095","CD11b on CD33dim HLA DR-",-0.04439876675431,0.0394996043317744,0.261000014683765,-0.00135057197085523,0.0326137889223992,0.966968185955689
"705","ebi-a-GCST90002096","CD11b on basophil",-0.0393168299956787,0.0395505097132348,0.320178268146445,-0.030585530837746,0.0444097955513016,0.491004923857366
"706","ebi-a-GCST90002097","CD11b on CD33+ HLA DR+ CD14dim",-0.0558745521827654,0.0399604972686397,0.162039607827988,0.0287536469129412,0.0314526351294557,0.360617645762892
"707","ebi-a-GCST90002098","CD45RA on naive CD4+ T cell",7.23242344641489e-05,0.0331167049039714,0.998257485328134,-0.00424282111178091,0.0230305564044092,0.85383637373879
"708","ebi-a-GCST90002099","CD4RA on Terminally Differentiated CD4+ T cell",-0.0130611118301911,0.0288003200760603,0.650184576999654,0.0245209027349107,0.0220969406903083,0.267129734272673
"709","ebi-a-GCST90002100","CD45RA on naive CD8+ T cell",-0.00394617263013535,0.0284221912167733,0.889575594804264,-0.0260671513415274,0.0425879879406648,0.540486449758021
"710","ebi-a-GCST90002101","CD45RA on Terminally Differentiated CD8+ T cell",0.0114301345298627,0.0289051104066472,0.692520805952825,-0.0755269225367202,0.0583331810968798,0.19540627061668
"711","ebi-a-GCST90002102","CD45RA on resting CD4 regulatory T cell",-0.033083677076632,0.0274142408560311,0.227506770327654,-0.0152525095958438,0.0154728777448105,0.324251988963341
"712","ebi-a-GCST90002103","CD45RA on CD39+ resting CD4 regulatory T cell",-0.0309053890025209,0.0470912653456803,0.511639429265359,0.0252191993934024,0.038281575435627,0.510035993026039
"713","ebi-a-GCST90002104","HLA DR on myeloid Dendritic Cell",0.0251942602353043,0.0295090857035038,0.393227028697225,0.0186856842692007,0.0216944534526988,0.389066452222848
"714","ebi-a-GCST90002105","HLA DR on plasmacytoid Dendritic Cell",0.0074167450214085,0.0288685353539043,0.797244784968952,-0.0100243865288476,0.0188470290892421,0.59480805546554
"715","ebi-a-GCST90002106","HLA DR on Dendritic Cell",0.0200084619388293,0.0294463949115151,0.496828924583907,0.0205354250820073,0.019578725186492,0.294240597328865
"716","ebi-a-GCST90002107","HLA DR on Hematopoietic Stem Cell",0.0228350797661935,0.0706623302756412,0.74657577513976,NA,NA,NA
"717","ebi-a-GCST90002108","HLA DR on CD33+ HLA DR+ CD14-",0.00528564698829616,0.0387837471205012,0.891595899734308,-0.00543848790863276,0.0224584340903258,0.808657792042222
"718","ebi-a-GCST90002109","HLA DR on CD33+ HLA DR+ CD14dim",-0.00884553473285426,0.0387445973586764,0.819410152323178,-0.0433257612243842,0.0536606359460977,0.419434309269415
"719","ebi-a-GCST90002110","HLA DR on CD33dim HLA DR+ CD11b+",0.0124580323004412,0.0383697470635231,0.745420455497648,-0.00321824262833971,0.0232889475226354,0.890092193403803
"720","ebi-a-GCST90002111","HLA DR on CD33dim HLA DR+ CD11b-",-0.01305878304583,0.0379165687227112,0.730539206707243,0.00273551228509639,0.0283106968560237,0.923024449075875
"721","ebi-a-GCST90002112","HLA DR on CD33- HLA DR+",-0.0115825126257972,0.0400418382662241,0.772382219422969,0.0289061614226172,0.024386717755884,0.235889374573905
"722","ebi-a-GCST90002113","HLA DR on HLA DR+ T cell",0.00503627898019323,0.0277302584378935,0.85588351514995,-0.0541574049896853,0.0626080871221985,0.387026431155937
"723","ebi-a-GCST90002114","HLA DR on HLA DR+ CD4+ T cell",0.0132147199681166,0.027495585535145,0.630791984922867,0.0673651284452345,0.0841124902547645,0.423193429153012
"724","ebi-a-GCST90002115","HLA DR on HLA DR+ CD8+ T cell",-0.0126058516622946,0.027499332214753,0.646660970448905,-0.0476761040232462,0.0529020881734365,0.367474533281178
"725","ebi-a-GCST90002116","HLA DR on B cell",0.00742755672402609,0.0286426964838096,0.795390162821719,0.0208053174241359,0.0262969259179386,0.428845271346113
"726","ebi-a-GCST90002117","HLA DR on HLA DR+ Natural Killer",0.0268960315741541,0.0291409191731859,0.356025747137017,0.0214996447617842,0.0219565761390465,0.327486446838919
"727","ebi-a-GCST90002118","CD8 on CD28+ CD45RA- CD8+ T cell",0.00769773456907595,0.0299984228645618,0.797483990933346,0.0520018275074308,0.0480738158120746,0.279382330986066
"728","ebi-a-GCST90002119","CD8 on CD28+ CD45RA+ CD8+ T cell",-0.0106276222330754,0.0361124797537778,0.768534608720839,-0.000333857132693421,0.0293184330619716,0.990914463459521
"729","ebi-a-GCST90002120","CD8 on CD28- CD8+ T cell",-0.0174247336930244,0.0358718177281877,0.627144463509403,0.00108236596938447,0.0528391292534249,0.98365713596601
"730","ebi-a-GCST90002121","CD8 on CD39+ CD8+ T cell",-0.00347327007666856,0.0297292087696539,0.906994593617574,0.0115245052456042,0.0417689958583094,0.782616795880192
